pmid,pmcid,title,figure_id,figure_title,figure_url,source_node_name,source_node_type,source_node_uri,target_node_name,target_node_type,target_node_uri,edge_type_annotation,edge_type_prediction,result
29114066,PMC5748990,"Senescence and aging: Causes, consequences, and therapeutic avenues",fig1,Senescence as a central hallmark of aging.,https://www.ncbi.nlm.nih.gov/pmc/articles/PMC5748990/figure/fig1/,Telomere Erosion,process,http://purl.bioontology.org/ontology/HOIP/HOIP_0060049,Senescence,process,http://purl.obolibrary.org/obo/GO_0090398,posi,posi,True
29114066,PMC5748990,"Senescence and aging: Causes, consequences, and therapeutic avenues",fig1,Senescence as a central hallmark of aging.,https://www.ncbi.nlm.nih.gov/pmc/articles/PMC5748990/figure/fig1/,DNA damage,process,http://purl.obolibrary.org/obo/NCIT_C16507,Senescence,process,http://purl.obolibrary.org/obo/GO_0090398,posi,posi,True
29114066,PMC5748990,"Senescence and aging: Causes, consequences, and therapeutic avenues",fig1,Senescence as a central hallmark of aging.,https://www.ncbi.nlm.nih.gov/pmc/articles/PMC5748990/figure/fig1/,Mitochondrial dysfunction,process,http://purl.bioontology.org/ontology/HOIP/HOIP_0002361,Senescence,process,http://purl.obolibrary.org/obo/GO_0090398,posi,posi,True
29114066,PMC5748990,"Senescence and aging: Causes, consequences, and therapeutic avenues",fig1,Senescence as a central hallmark of aging.,https://www.ncbi.nlm.nih.gov/pmc/articles/PMC5748990/figure/fig1/,Nutrient signaling dysfunction,process,http://purl.bioontology.org/ontology/HOIP/HOIP_0002130,Senescence,process,http://purl.obolibrary.org/obo/GO_0090398,posi,posi,True
29114066,PMC5748990,"Senescence and aging: Causes, consequences, and therapeutic avenues",fig1,Senescence as a central hallmark of aging.,https://www.ncbi.nlm.nih.gov/pmc/articles/PMC5748990/figure/fig1/,Proteostatic dysfunction,process,http://purl.bioontology.org/ontology/HOIP/HOIP_0060493,Senescence,process,http://purl.obolibrary.org/obo/GO_0090398,posi,posi,True
29114066,PMC5748990,"Senescence and aging: Causes, consequences, and therapeutic avenues",fig1,Senescence as a central hallmark of aging.,https://www.ncbi.nlm.nih.gov/pmc/articles/PMC5748990/figure/fig1/,Senescence,process,http://purl.obolibrary.org/obo/GO_0090398,Chronic Inflammation,process,http://purl.obolibrary.org/obo/GO_0006954,posi,posi,True
29114066,PMC5748990,"Senescence and aging: Causes, consequences, and therapeutic avenues",fig1,Senescence as a central hallmark of aging.,https://www.ncbi.nlm.nih.gov/pmc/articles/PMC5748990/figure/fig1/,Senescence,process,http://purl.obolibrary.org/obo/GO_0090398,Stem cell exhaustion,process,http://purl.bioontology.org/ontology/HOIP/HOIP_0040446,posi,posi,True
29114066,PMC5748990,"Senescence and aging: Causes, consequences, and therapeutic avenues",fig1,Senescence as a central hallmark of aging.,https://www.ncbi.nlm.nih.gov/pmc/articles/PMC5748990/figure/fig1/,Senescence,process,http://purl.obolibrary.org/obo/GO_0090398,Nutrient signaling dysfunction,process,http://purl.bioontology.org/ontology/HOIP/HOIP_0002130,posi,posi,True
29114066,PMC5748990,"Senescence and aging: Causes, consequences, and therapeutic avenues",fig1,Senescence as a central hallmark of aging.,https://www.ncbi.nlm.nih.gov/pmc/articles/PMC5748990/figure/fig1/,Senescence,process,http://purl.obolibrary.org/obo/GO_0090398,Proteostatic dysfunction,process,http://purl.bioontology.org/ontology/HOIP/HOIP_0060493,posi,posi,True
29114066,PMC5748990,"Senescence and aging: Causes, consequences, and therapeutic avenues",fig1,Senescence as a central hallmark of aging.,https://www.ncbi.nlm.nih.gov/pmc/articles/PMC5748990/figure/fig1/,Epigenetic factors,molecule,http://purl.bioontology.org/ontology/HOIP/HOIP_0060897,Senescence,process,http://purl.obolibrary.org/obo/GO_0090398,posi,posi,True
29114066,PMC5748990,"Senescence and aging: Causes, consequences, and therapeutic avenues",fig2,Pathways regulating senescence-mediated arrest.,https://www.ncbi.nlm.nih.gov/pmc/articles/PMC5748990/figure/fig2/,Telomere erosion,process,http://purl.bioontology.org/ontology/HOIP/HOIP_0060049,DDR,process,http://purl.obolibrary.org/obo/GO_0006974,posi,posi,True
29114066,PMC5748990,"Senescence and aging: Causes, consequences, and therapeutic avenues",fig2,Pathways regulating senescence-mediated arrest.,https://www.ncbi.nlm.nih.gov/pmc/articles/PMC5748990/figure/fig2/,Oncogene overexpression,process,http://purl.bioontology.org/ontology/HOIP/HOIP_0060805,DDR,process,http://purl.obolibrary.org/obo/GO_0006974,posi,posi,True
29114066,PMC5748990,"Senescence and aging: Causes, consequences, and therapeutic avenues",fig2,Pathways regulating senescence-mediated arrest.,https://www.ncbi.nlm.nih.gov/pmc/articles/PMC5748990/figure/fig2/,ROS,compound,http://purl.obolibrary.org/obo/CHEBI_26523,DNA damage,process,http://purl.obolibrary.org/obo/NCIT_C16507,posi,posi,True
29114066,PMC5748990,"Senescence and aging: Causes, consequences, and therapeutic avenues",fig2,Pathways regulating senescence-mediated arrest.,https://www.ncbi.nlm.nih.gov/pmc/articles/PMC5748990/figure/fig2/,DNA damage,process,http://purl.obolibrary.org/obo/NCIT_C16507,DDR,process,http://purl.obolibrary.org/obo/GO_0006974,posi,posi,True
29114066,PMC5748990,"Senescence and aging: Causes, consequences, and therapeutic avenues",fig2,Pathways regulating senescence-mediated arrest.,https://www.ncbi.nlm.nih.gov/pmc/articles/PMC5748990/figure/fig2/,Mitochondrial dysfunction,process,http://purl.bioontology.org/ontology/HOIP/HOIP_0002361,DDR,process,http://purl.obolibrary.org/obo/GO_0006974,posi,posi,True
29114066,PMC5748990,"Senescence and aging: Causes, consequences, and therapeutic avenues",fig2,Pathways regulating senescence-mediated arrest.,https://www.ncbi.nlm.nih.gov/pmc/articles/PMC5748990/figure/fig2/,Inflammation,process,http://purl.obolibrary.org/obo/GO_0006954,DDR,process,http://purl.obolibrary.org/obo/GO_0006974,posi,posi,True
29114066,PMC5748990,"Senescence and aging: Causes, consequences, and therapeutic avenues",fig2,Pathways regulating senescence-mediated arrest.,https://www.ncbi.nlm.nih.gov/pmc/articles/PMC5748990/figure/fig2/,DDR,process,http://purl.obolibrary.org/obo/GO_0006974,p53,molecule,http://purl.obolibrary.org/obo/PR_P04637,posi,posi,True
29114066,PMC5748990,"Senescence and aging: Causes, consequences, and therapeutic avenues",fig2,Pathways regulating senescence-mediated arrest.,https://www.ncbi.nlm.nih.gov/pmc/articles/PMC5748990/figure/fig2/,MDM2,molecule,http://purl.obolibrary.org/obo/PR_Q00987,p53,molecule,http://purl.obolibrary.org/obo/PR_P04637,nega,nega,True
29114066,PMC5748990,"Senescence and aging: Causes, consequences, and therapeutic avenues",fig2,Pathways regulating senescence-mediated arrest.,https://www.ncbi.nlm.nih.gov/pmc/articles/PMC5748990/figure/fig2/,p53,molecule,http://purl.obolibrary.org/obo/PR_P04637,p21,molecule,http://purl.obolibrary.org/obo/PR_P38936,posi,posi,True
29114066,PMC5748990,"Senescence and aging: Causes, consequences, and therapeutic avenues",fig2,Pathways regulating senescence-mediated arrest.,https://www.ncbi.nlm.nih.gov/pmc/articles/PMC5748990/figure/fig2/,p21,molecule,http://purl.obolibrary.org/obo/PR_P38936,CDK4/6,molecule,http://purl.obolibrary.org/obo/PR_P11802,nega,nega,True
29114066,PMC5748990,"Senescence and aging: Causes, consequences, and therapeutic avenues",fig2,Pathways regulating senescence-mediated arrest.,https://www.ncbi.nlm.nih.gov/pmc/articles/PMC5748990/figure/fig2/,p21,molecule,http://purl.obolibrary.org/obo/PR_P38936,CDK4/6,molecule,http://purl.obolibrary.org/obo/PR_Q00534,nega,nega,True
29114066,PMC5748990,"Senescence and aging: Causes, consequences, and therapeutic avenues",fig2,Pathways regulating senescence-mediated arrest.,https://www.ncbi.nlm.nih.gov/pmc/articles/PMC5748990/figure/fig2/,CDK4/6,molecule,http://purl.obolibrary.org/obo/PR_P11802,Rb,molecule,http://purl.obolibrary.org/obo/PR_P06400,nega,nega,True
29114066,PMC5748990,"Senescence and aging: Causes, consequences, and therapeutic avenues",fig2,Pathways regulating senescence-mediated arrest.,https://www.ncbi.nlm.nih.gov/pmc/articles/PMC5748990/figure/fig2/,CDK4/6,molecule,http://purl.obolibrary.org/obo/PR_Q00534,Rb,molecule,http://purl.obolibrary.org/obo/PR_P06400,nega,nega,True
29114066,PMC5748990,"Senescence and aging: Causes, consequences, and therapeutic avenues",fig2,Pathways regulating senescence-mediated arrest.,https://www.ncbi.nlm.nih.gov/pmc/articles/PMC5748990/figure/fig2/,Rb,molecule,http://purl.obolibrary.org/obo/PR_P06400,G1 Arrest,process,http://purl.obolibrary.org/obo/GO_1902807,nega,posi,False
29114066,PMC5748990,"Senescence and aging: Causes, consequences, and therapeutic avenues",fig2,Pathways regulating senescence-mediated arrest.,https://www.ncbi.nlm.nih.gov/pmc/articles/PMC5748990/figure/fig2/,p16,molecule,http://purl.obolibrary.org/obo/PR_000030011,CDK4/6,molecule,http://purl.obolibrary.org/obo/PR_P11802,nega,nega,True
29114066,PMC5748990,"Senescence and aging: Causes, consequences, and therapeutic avenues",fig2,Pathways regulating senescence-mediated arrest.,https://www.ncbi.nlm.nih.gov/pmc/articles/PMC5748990/figure/fig2/,p16,molecule,http://purl.obolibrary.org/obo/PR_000030011,CDK4/6,molecule,http://purl.obolibrary.org/obo/PR_Q00534,nega,nega,True
29114066,PMC5748990,"Senescence and aging: Causes, consequences, and therapeutic avenues",fig2,Pathways regulating senescence-mediated arrest.,https://www.ncbi.nlm.nih.gov/pmc/articles/PMC5748990/figure/fig2/,INK4A/ARF induction,process,http://purl.bioontology.org/ontology/HOIP/HOIP_0060807,p16,molecule,http://purl.obolibrary.org/obo/PR_000030011,posi,posi,True
29114066,PMC5748990,"Senescence and aging: Causes, consequences, and therapeutic avenues",fig2,Pathways regulating senescence-mediated arrest.,https://www.ncbi.nlm.nih.gov/pmc/articles/PMC5748990/figure/fig2/,INK4A/ARF induction,process,http://purl.bioontology.org/ontology/HOIP/HOIP_0060807,ARF,molecule,http://purl.obolibrary.org/obo/PR_Q8N726,posi,posi,True
29114066,PMC5748990,"Senescence and aging: Causes, consequences, and therapeutic avenues",fig2,Pathways regulating senescence-mediated arrest.,https://www.ncbi.nlm.nih.gov/pmc/articles/PMC5748990/figure/fig2/,ARF,molecule,http://purl.obolibrary.org/obo/PR_Q8N726,MDM2,molecule,http://purl.obolibrary.org/obo/PR_Q00987,nega,posi,False
29114066,PMC5748990,"Senescence and aging: Causes, consequences, and therapeutic avenues",fig2,Pathways regulating senescence-mediated arrest.,https://www.ncbi.nlm.nih.gov/pmc/articles/PMC5748990/figure/fig2/,JMJ3D,molecule,http://purl.obolibrary.org/obo/PR_O15054,INK4A/ARF locus,molecule,http://purl.obolibrary.org/obo/PR_000030011,posi,nega,False
29114066,PMC5748990,"Senescence and aging: Causes, consequences, and therapeutic avenues",fig2,Pathways regulating senescence-mediated arrest.,https://www.ncbi.nlm.nih.gov/pmc/articles/PMC5748990/figure/fig2/,JMJ3D,molecule,http://purl.obolibrary.org/obo/PR_O15054,INK4A/ARF locus,molecule,http://purl.obolibrary.org/obo/PR_Q8N726,posi,nega,False
29114066,PMC5748990,"Senescence and aging: Causes, consequences, and therapeutic avenues",fig3,Functions of the SASP.,https://www.ncbi.nlm.nih.gov/pmc/articles/PMC5748990/figure/fig3/,SASP,process,http://purl.bioontology.org/ontology/HOIP/HOIP_0060819,Immune cell recruitment,process,http://purl.obolibrary.org/obo/GO_0050900,posi,posi,True
29114066,PMC5748990,"Senescence and aging: Causes, consequences, and therapeutic avenues",fig3,Functions of the SASP.,https://www.ncbi.nlm.nih.gov/pmc/articles/PMC5748990/figure/fig3/,SASP,process,http://purl.bioontology.org/ontology/HOIP/HOIP_0060819,Tissue remodeling,process,http://purl.obolibrary.org/obo/GO_0048771,posi,posi,True
29114066,PMC5748990,"Senescence and aging: Causes, consequences, and therapeutic avenues",fig3,Functions of the SASP.,https://www.ncbi.nlm.nih.gov/pmc/articles/PMC5748990/figure/fig3/,SASP,process,http://purl.bioontology.org/ontology/HOIP/HOIP_0060819,Paracrine senescence,process,http://purl.obolibrary.org/obo/GO_0038001,posi,posi,True
29114066,PMC5748990,"Senescence and aging: Causes, consequences, and therapeutic avenues",fig3,Functions of the SASP.,https://www.ncbi.nlm.nih.gov/pmc/articles/PMC5748990/figure/fig3/,SASP,process,http://purl.bioontology.org/ontology/HOIP/HOIP_0060819,Autocrine senescence,process,http://purl.obolibrary.org/obo/GO_0035425,posi,posi,True
29114066,PMC5748990,"Senescence and aging: Causes, consequences, and therapeutic avenues",fig3,Functions of the SASP.,https://www.ncbi.nlm.nih.gov/pmc/articles/PMC5748990/figure/fig3/,SASP,process,http://purl.bioontology.org/ontology/HOIP/HOIP_0060819,NK Cell,cell,http://purl.obolibrary.org/obo/CL_0000623,posi,posi,True
29114066,PMC5748990,"Senescence and aging: Causes, consequences, and therapeutic avenues",fig3,Functions of the SASP.,https://www.ncbi.nlm.nih.gov/pmc/articles/PMC5748990/figure/fig3/,SASP,process,http://purl.bioontology.org/ontology/HOIP/HOIP_0060819,Macrophage,cell,http://purl.obolibrary.org/obo/CL_0000235,posi,posi,True
29114066,PMC5748990,"Senescence and aging: Causes, consequences, and therapeutic avenues",fig3,Functions of the SASP.,https://www.ncbi.nlm.nih.gov/pmc/articles/PMC5748990/figure/fig3/,SASP,process,http://purl.bioontology.org/ontology/HOIP/HOIP_0060819,CD4+ T Cell,cell,http://purl.obolibrary.org/obo/CL_0000624,,posi,False
29114066,PMC5748990,"Senescence and aging: Causes, consequences, and therapeutic avenues",fig4,Involvement of senescence in disease.,https://www.ncbi.nlm.nih.gov/pmc/articles/PMC5748990/figure/fig4/,Senescence,process,http://purl.obolibrary.org/obo/GO_0090398,Glaucoma,disease,http://purl.obolibrary.org/obo/DOID_1686,posi,posi,True
29114066,PMC5748990,"Senescence and aging: Causes, consequences, and therapeutic avenues",fig4,Involvement of senescence in disease.,https://www.ncbi.nlm.nih.gov/pmc/articles/PMC5748990/figure/fig4/,Senescence,process,http://purl.obolibrary.org/obo/GO_0090398,Idiopathic pulmonary fibrosis (IPF),disease,http://purl.obolibrary.org/obo/DOID_0050156,posi,posi,True
29114066,PMC5748990,"Senescence and aging: Causes, consequences, and therapeutic avenues",fig4,Involvement of senescence in disease.,https://www.ncbi.nlm.nih.gov/pmc/articles/PMC5748990/figure/fig4/,Senescence,process,http://purl.obolibrary.org/obo/GO_0090398,Atherosclerosis,disease,http://purl.obolibrary.org/obo/DOID_1936,posi,posi,True
29114066,PMC5748990,"Senescence and aging: Causes, consequences, and therapeutic avenues",fig4,Involvement of senescence in disease.,https://www.ncbi.nlm.nih.gov/pmc/articles/PMC5748990/figure/fig4/,Senescence,process,http://purl.obolibrary.org/obo/GO_0090398,Liver cirrhosis / NAFLD,disease,http://purl.obolibrary.org/obo/DOID_0080208,posi,posi,True
29114066,PMC5748990,"Senescence and aging: Causes, consequences, and therapeutic avenues",fig4,Involvement of senescence in disease.,https://www.ncbi.nlm.nih.gov/pmc/articles/PMC5748990/figure/fig4/,Senescence,process,http://purl.obolibrary.org/obo/GO_0090398,Glomerulosclerosis,disease,http://purl.obolibrary.org/obo/DOID_0050851,posi,posi,True
29114066,PMC5748990,"Senescence and aging: Causes, consequences, and therapeutic avenues",fig4,Involvement of senescence in disease.,https://www.ncbi.nlm.nih.gov/pmc/articles/PMC5748990/figure/fig4/,Senescence,process,http://purl.obolibrary.org/obo/GO_0090398,Type 2 Diabetes,disease,http://purl.obolibrary.org/obo/DOID_9352,posi,posi,True
29114066,PMC5748990,"Senescence and aging: Causes, consequences, and therapeutic avenues",fig4,Involvement of senescence in disease.,https://www.ncbi.nlm.nih.gov/pmc/articles/PMC5748990/figure/fig4/,Senescence,process,http://purl.obolibrary.org/obo/GO_0090398,Cachexia,,http://purl.obolibrary.org/obo/SYMP_0000402,posi,posi,True
29114066,PMC5748990,"Senescence and aging: Causes, consequences, and therapeutic avenues",fig4,Involvement of senescence in disease.,https://www.ncbi.nlm.nih.gov/pmc/articles/PMC5748990/figure/fig4/,Senescence,process,http://purl.obolibrary.org/obo/GO_0090398,Sarcopenia,,http://purl.obolibrary.org/obo/NCIT_C186726,posi,posi,True
29114066,PMC5748990,"Senescence and aging: Causes, consequences, and therapeutic avenues",fig4,Involvement of senescence in disease.,https://www.ncbi.nlm.nih.gov/pmc/articles/PMC5748990/figure/fig4/,Senescence,process,http://purl.obolibrary.org/obo/GO_0090398,Osteoarthritis,disease,http://purl.obolibrary.org/obo/DOID_8398,posi,posi,True
33262144,PMC7706700,Senescence and the SASP: many therapeutic avenues,GAD343129BIRF1,,https://www.ncbi.nlm.nih.gov/pmc/articles/PMC7706700/figure/GAD343129BIRF1/,Senescent Cell,process,http://purl.obolibrary.org/obo/GO_0090398,Wound healing/Fibrosis resolution,process,http://purl.obolibrary.org/obo/GO_0042060,posi,posi,True
33262144,PMC7706700,Senescence and the SASP: many therapeutic avenues,GAD343129BIRF1,,https://www.ncbi.nlm.nih.gov/pmc/articles/PMC7706700/figure/GAD343129BIRF1/,Senescent Cell,process,http://purl.obolibrary.org/obo/GO_0090398,Wound healing/Fibrosis resolution,process,http://purl.bioontology.org/ontology/HOIP/HOIP_0060892,posi,posi,True
33262144,PMC7706700,Senescence and the SASP: many therapeutic avenues,GAD343129BIRF1,,https://www.ncbi.nlm.nih.gov/pmc/articles/PMC7706700/figure/GAD343129BIRF1/,Senescent Cell,process,http://purl.obolibrary.org/obo/GO_0090398,Immune cell recruitment,process,http://purl.obolibrary.org/obo/GO_0050900,posi,posi,True
33262144,PMC7706700,Senescence and the SASP: many therapeutic avenues,GAD343129BIRF1,,https://www.ncbi.nlm.nih.gov/pmc/articles/PMC7706700/figure/GAD343129BIRF1/,Senescent Cell,process,http://purl.obolibrary.org/obo/GO_0090398,Cell fate/differentiation,process,http://purl.obolibrary.org/obo/GO_0030154,posi,posi,True
33262144,PMC7706700,Senescence and the SASP: many therapeutic avenues,GAD343129BIRF1,,https://www.ncbi.nlm.nih.gov/pmc/articles/PMC7706700/figure/GAD343129BIRF1/,Senescent Cell,process,http://purl.obolibrary.org/obo/GO_0090398,Cell fate/differentiation,process,http://purl.obolibrary.org/obo/GO_0045165,posi,posi,True
33262144,PMC7706700,Senescence and the SASP: many therapeutic avenues,GAD343129BIRF1,,https://www.ncbi.nlm.nih.gov/pmc/articles/PMC7706700/figure/GAD343129BIRF1/,Senescent Cell,process,http://purl.obolibrary.org/obo/GO_0090398,Tumor Promotion,process,http://purl.bioontology.org/ontology/HOIP/HOIP_0060842,posi,nega,False
33262144,PMC7706700,Senescence and the SASP: many therapeutic avenues,GAD343129BIRF1,,https://www.ncbi.nlm.nih.gov/pmc/articles/PMC7706700/figure/GAD343129BIRF1/,Senescent Cell,process,http://purl.obolibrary.org/obo/GO_0090398,Tissue dysfunction/Inflammation,process,http://purl.bioontology.org/ontology/HOIP/HOIP_0039037,posi,nega,False
33262144,PMC7706700,Senescence and the SASP: many therapeutic avenues,GAD343129BIRF1,,https://www.ncbi.nlm.nih.gov/pmc/articles/PMC7706700/figure/GAD343129BIRF1/,Senescent Cell,process,http://purl.obolibrary.org/obo/GO_0090398,Tissue dysfunction/Inflammation,process,http://purl.obolibrary.org/obo/GO_0006954,posi,nega,False
33262144,PMC7706700,Senescence and the SASP: many therapeutic avenues,GAD343129BIRF1,,https://www.ncbi.nlm.nih.gov/pmc/articles/PMC7706700/figure/GAD343129BIRF1/,Senescent Cell,process,http://purl.obolibrary.org/obo/GO_0090398,Immune evasion,process,http://purl.obolibrary.org/obo/GO_0050900,posi,nega,False
33262144,PMC7706700,Senescence and the SASP: many therapeutic avenues,GAD343129BIRF1,,https://www.ncbi.nlm.nih.gov/pmc/articles/PMC7706700/figure/GAD343129BIRF1/,Senescent Cell,process,http://purl.obolibrary.org/obo/GO_0090398,Paracrine senescence,process,http://purl.obolibrary.org/obo/GO_0038001,posi,nega,False
33262144,PMC7706700,Senescence and the SASP: many therapeutic avenues,GAD343129BIRF1,,https://www.ncbi.nlm.nih.gov/pmc/articles/PMC7706700/figure/GAD343129BIRF1/,Senescent Cell,process,http://purl.obolibrary.org/obo/GO_0090398,Plasticity/Stemness,process,http://purl.bioontology.org/ontology/HOIP/HOIP_0060836,posi,posi,True
33262144,PMC7706700,Senescence and the SASP: many therapeutic avenues,GAD343129BIRF1,,https://www.ncbi.nlm.nih.gov/pmc/articles/PMC7706700/figure/GAD343129BIRF1/,Senescent Cell,process,http://purl.obolibrary.org/obo/GO_0090398,Plasticity/Stemness,process,http://purl.obolibrary.org/obo/GO_0048866,posi,posi,True
34756162,PMC8580479,The right time for senescence,fig1,The hallmark features of cellular senescence.,https://www.ncbi.nlm.nih.gov/pmc/articles/PMC8580479/figure/fig1/,Telomere Erosion,process,http://purl.bioontology.org/ontology/HOIP/HOIP_0060049,cellular senescence*,process,http://purl.obolibrary.org/obo/GO_0090398,posi,posi,True
34756162,PMC8580479,The right time for senescence,fig1,The hallmark features of cellular senescence.,https://www.ncbi.nlm.nih.gov/pmc/articles/PMC8580479/figure/fig1/,Oncogene activation,process,http://purl.obolibrary.org/obo/NCIT_C18909,cellular senescence*,process,http://purl.obolibrary.org/obo/GO_0090398,posi,posi,True
34756162,PMC8580479,The right time for senescence,fig1,The hallmark features of cellular senescence.,https://www.ncbi.nlm.nih.gov/pmc/articles/PMC8580479/figure/fig1/,DNA damage,process,http://purl.obolibrary.org/obo/NCIT_C16507,cellular senescence*,process,http://purl.obolibrary.org/obo/GO_0090398,posi,posi,True
34756162,PMC8580479,The right time for senescence,fig1,The hallmark features of cellular senescence.,https://www.ncbi.nlm.nih.gov/pmc/articles/PMC8580479/figure/fig1/,Oxidative stress,process,http://purl.obolibrary.org/obo/GO_0006979,cellular senescence*,process,http://purl.obolibrary.org/obo/GO_0090398,posi,posi,True
34756162,PMC8580479,The right time for senescence,fig1,The hallmark features of cellular senescence.,https://www.ncbi.nlm.nih.gov/pmc/articles/PMC8580479/figure/fig1/,Irradiation,process,http://purl.obolibrary.org/obo/OBI_0302889,cellular senescence*,process,http://purl.obolibrary.org/obo/GO_0090398,posi,posi,True
34756162,PMC8580479,The right time for senescence,fig1,The hallmark features of cellular senescence.,https://www.ncbi.nlm.nih.gov/pmc/articles/PMC8580479/figure/fig1/,Chemotherapy,process,http://purl.obolibrary.org/obo/NCIT_C15632,cellular senescence*,process,http://purl.obolibrary.org/obo/GO_0090398,posi,posi,True
34756162,PMC8580479,The right time for senescence,fig1,The hallmark features of cellular senescence.,https://www.ncbi.nlm.nih.gov/pmc/articles/PMC8580479/figure/fig1/,iPSC reprogramming,process,http://purl.bioontology.org/ontology/HOIP/HOIP_0060875,cellular senescence*,process,http://purl.obolibrary.org/obo/GO_0090398,posi,posi,True
34756162,PMC8580479,The right time for senescence,fig1,The hallmark features of cellular senescence.,https://www.ncbi.nlm.nih.gov/pmc/articles/PMC8580479/figure/fig1/,Developmental cues,process,http://purl.obolibrary.org/obo/GO_0032502,cellular senescence*,process,http://purl.obolibrary.org/obo/GO_0090398,posi,posi,True
34756162,PMC8580479,The right time for senescence,fig1,The hallmark features of cellular senescence.,https://www.ncbi.nlm.nih.gov/pmc/articles/PMC8580479/figure/fig1/,Tissue damage,process,http://purl.obolibrary.org/obo/NCIT_C50773,cellular senescence*,process,http://purl.obolibrary.org/obo/GO_0090398,posi,posi,True
34756162,PMC8580479,The right time for senescence,fig1,The hallmark features of cellular senescence.,https://www.ncbi.nlm.nih.gov/pmc/articles/PMC8580479/figure/fig1/,cellular senescence*,process,http://purl.obolibrary.org/obo/GO_0090398,permanent cell cycle arrest (G1 or G2),process,http://purl.obolibrary.org/obo/GO_0007050,posi,posi,True
34756162,PMC8580479,The right time for senescence,fig1,The hallmark features of cellular senescence.,https://www.ncbi.nlm.nih.gov/pmc/articles/PMC8580479/figure/fig1/,cellular senescence*,process,http://purl.obolibrary.org/obo/GO_0090398,Enlarged cell size,process,http://purl.bioontology.org/ontology/HOIP/HOIP_0060118,posi,posi,True
34756162,PMC8580479,The right time for senescence,fig1,The hallmark features of cellular senescence.,https://www.ncbi.nlm.nih.gov/pmc/articles/PMC8580479/figure/fig1/,BCL-2,molecule,http://purl.obolibrary.org/obo/PR_P10415,Resistance to apoptosis,process,http://purl.obolibrary.org/obo/GO_0043066,posi,posi,True
34756162,PMC8580479,The right time for senescence,fig1,The hallmark features of cellular senescence.,https://www.ncbi.nlm.nih.gov/pmc/articles/PMC8580479/figure/fig1/,PI3K,molecule,http://purl.obolibrary.org/obo/PR_000026439,Resistance to apoptosis,process,http://purl.obolibrary.org/obo/GO_0043066,posi,posi,True
34756162,PMC8580479,The right time for senescence,fig1,The hallmark features of cellular senescence.,https://www.ncbi.nlm.nih.gov/pmc/articles/PMC8580479/figure/fig1/,AKT,molecule,http://purl.obolibrary.org/obo/PR_P31749,Resistance to apoptosis,process,http://purl.obolibrary.org/obo/GO_0043066,posi,posi,True
34756162,PMC8580479,The right time for senescence,fig1,The hallmark features of cellular senescence.,https://www.ncbi.nlm.nih.gov/pmc/articles/PMC8580479/figure/fig1/,p16,molecule,http://purl.obolibrary.org/obo/PR_000030011,Reinforcement of growth arrest,process,http://purl.obolibrary.org/obo/GO_0045926,posi,posi,True
34756162,PMC8580479,The right time for senescence,fig1,The hallmark features of cellular senescence.,https://www.ncbi.nlm.nih.gov/pmc/articles/PMC8580479/figure/fig1/,p21,molecule,http://purl.obolibrary.org/obo/PR_P38936,Reinforcement of growth arrest,process,http://purl.obolibrary.org/obo/GO_0045926,posi,posi,True
34756162,PMC8580479,The right time for senescence,fig1,The hallmark features of cellular senescence.,https://www.ncbi.nlm.nih.gov/pmc/articles/PMC8580479/figure/fig1/,p53,molecule,http://purl.obolibrary.org/obo/PR_P04637,Reinforcement of growth arrest,process,http://purl.obolibrary.org/obo/GO_0045926,posi,posi,True
34756162,PMC8580479,The right time for senescence,fig1,The hallmark features of cellular senescence.,https://www.ncbi.nlm.nih.gov/pmc/articles/PMC8580479/figure/fig1/,p15,molecule,http://purl.obolibrary.org/obo/PR_P42772,Reinforcement of growth arrest,process,http://purl.obolibrary.org/obo/GO_0045926,posi,posi,True
34756162,PMC8580479,The right time for senescence,fig1,The hallmark features of cellular senescence.,https://www.ncbi.nlm.nih.gov/pmc/articles/PMC8580479/figure/fig1/,p14,molecule,http://purl.obolibrary.org/obo/PR_Q8N726,Reinforcement of growth arrest,process,http://purl.obolibrary.org/obo/GO_0045926,posi,posi,True
34756162,PMC8580479,The right time for senescence,fig1,The hallmark features of cellular senescence.,https://www.ncbi.nlm.nih.gov/pmc/articles/PMC8580479/figure/fig1/,p27,molecule,http://purl.obolibrary.org/obo/PR_P46527,Reinforcement of growth arrest,process,http://purl.obolibrary.org/obo/GO_0045926,posi,posi,True
34756162,PMC8580479,The right time for senescence,fig1,The hallmark features of cellular senescence.,https://www.ncbi.nlm.nih.gov/pmc/articles/PMC8580479/figure/fig1/,NF-kB,molecule,http://purl.obolibrary.org/obo/GO_0035525,SASP genes,molecule,http://purl.bioontology.org/ontology/HOIP/HOIP_0060820,posi,posi,True
34756162,PMC8580479,The right time for senescence,fig1,The hallmark features of cellular senescence.,https://www.ncbi.nlm.nih.gov/pmc/articles/PMC8580479/figure/fig1/,c/EBPβ,molecule,http://purl.obolibrary.org/obo/PR_P17676,SASP genes,molecule,http://purl.bioontology.org/ontology/HOIP/HOIP_0060820,posi,posi,True
34756162,PMC8580479,The right time for senescence,fig1,The hallmark features of cellular senescence.,https://www.ncbi.nlm.nih.gov/pmc/articles/PMC8580479/figure/fig1/,mTOR,molecule,http://purl.obolibrary.org/obo/PR_P42345,SASP genes,molecule,http://purl.bioontology.org/ontology/HOIP/HOIP_0060820,posi,posi,True
34756162,PMC8580479,The right time for senescence,fig1,The hallmark features of cellular senescence.,https://www.ncbi.nlm.nih.gov/pmc/articles/PMC8580479/figure/fig1/,ROS,,http://purl.obolibrary.org/obo/CHEBI_26523,SASP,process,http://purl.bioontology.org/ontology/HOIP/HOIP_0060819,posi,posi,True
34756162,PMC8580479,The right time for senescence,fig1,The hallmark features of cellular senescence.,https://www.ncbi.nlm.nih.gov/pmc/articles/PMC8580479/figure/fig1/,IL-6,molecule,http://purl.obolibrary.org/obo/PR_P05231,Autocrine senescence,process,http://purl.obolibrary.org/obo/GO_0035425,posi,posi,True
34756162,PMC8580479,The right time for senescence,fig1,The hallmark features of cellular senescence.,https://www.ncbi.nlm.nih.gov/pmc/articles/PMC8580479/figure/fig1/,IL-8,molecule,http://purl.obolibrary.org/obo/PR_P10145,Autocrine senescence,process,http://purl.obolibrary.org/obo/GO_0035425,posi,posi,True
34756162,PMC8580479,The right time for senescence,fig1,The hallmark features of cellular senescence.,https://www.ncbi.nlm.nih.gov/pmc/articles/PMC8580479/figure/fig1/,Gro-α,molecule,http://purl.obolibrary.org/obo/PR_P09341,Autocrine senescence,process,http://purl.obolibrary.org/obo/GO_0035425,posi,posi,True
34756162,PMC8580479,The right time for senescence,fig1,The hallmark features of cellular senescence.,https://www.ncbi.nlm.nih.gov/pmc/articles/PMC8580479/figure/fig1/,IGFBP-7,molecule, http://purl.obolibrary.org/obo/PR_Q16270,Autocrine senescence,process,http://purl.obolibrary.org/obo/GO_0035425,posi,posi,True
34756162,PMC8580479,The right time for senescence,fig1,The hallmark features of cellular senescence.,https://www.ncbi.nlm.nih.gov/pmc/articles/PMC8580479/figure/fig1/,PAI-1,molecule,http://purl.obolibrary.org/obo/PR_P05121,Autocrine senescence,process,http://purl.obolibrary.org/obo/GO_0035425,posi,posi,True
34756162,PMC8580479,The right time for senescence,fig1,The hallmark features of cellular senescence.,https://www.ncbi.nlm.nih.gov/pmc/articles/PMC8580479/figure/fig1/,ROS,compound,http://purl.obolibrary.org/obo/CHEBI_26523,Paracrine senescence,process,http://purl.obolibrary.org/obo/GO_0038001,posi,posi,True
34756162,PMC8580479,The right time for senescence,fig1,The hallmark features of cellular senescence.,https://www.ncbi.nlm.nih.gov/pmc/articles/PMC8580479/figure/fig1/,IFN-γ,molecule,http://purl.obolibrary.org/obo/PR_P01579,Paracrine senescence,process,http://purl.obolibrary.org/obo/GO_0038001,posi,posi,True
34756162,PMC8580479,The right time for senescence,fig1,The hallmark features of cellular senescence.,https://www.ncbi.nlm.nih.gov/pmc/articles/PMC8580479/figure/fig1/,TGF-β,molecule,http://purl.obolibrary.org/obo/PR_P01137,Paracrine senescence,process,http://purl.obolibrary.org/obo/GO_0038001,posi,posi,True
34756162,PMC8580479,The right time for senescence,fig1,The hallmark features of cellular senescence.,https://www.ncbi.nlm.nih.gov/pmc/articles/PMC8580479/figure/fig1/,IL-1α,molecule,http://purl.obolibrary.org/obo/PR_P01583,Paracrine senescence,process,http://purl.obolibrary.org/obo/GO_0038001,posi,posi,True
34756162,PMC8580479,The right time for senescence,fig1,The hallmark features of cellular senescence.,https://www.ncbi.nlm.nih.gov/pmc/articles/PMC8580479/figure/fig1/,VEGF,molecule,http://purl.obolibrary.org/obo/PR_P15692,Paracrine senescence,process,http://purl.obolibrary.org/obo/GO_0038001,posi,posi,True
34756162,PMC8580479,The right time for senescence,fig1,The hallmark features of cellular senescence.,https://www.ncbi.nlm.nih.gov/pmc/articles/PMC8580479/figure/fig1/,CCL2,molecule,http://purl.obolibrary.org/obo/PR_P13500,Paracrine senescence,process,http://purl.obolibrary.org/obo/GO_0038001,posi,posi,True
34756162,PMC8580479,The right time for senescence,fig1,The hallmark features of cellular senescence.,https://www.ncbi.nlm.nih.gov/pmc/articles/PMC8580479/figure/fig1/,CCL20,molecule,http://purl.obolibrary.org/obo/PR_P78556,Paracrine senescence,process,http://purl.obolibrary.org/obo/GO_0038001,posi,posi,True
34756162,PMC8580479,The right time for senescence,fig1,The hallmark features of cellular senescence.,https://www.ncbi.nlm.nih.gov/pmc/articles/PMC8580479/figure/fig1/,CCFs,molecule,http://purl.bioontology.org/ontology/HOIP/HOIP_0060832,cGAS,molecule,http://purl.obolibrary.org/obo/PR_Q8N884,posi,posi,True
34756162,PMC8580479,The right time for senescence,fig1,The hallmark features of cellular senescence.,https://www.ncbi.nlm.nih.gov/pmc/articles/PMC8580479/figure/fig1/,cGAS,molecule,http://purl.obolibrary.org/obo/PR_Q8N884,STING,molecule,http://purl.obolibrary.org/obo/PR_Q9H5V9,posi,posi,True
34756162,PMC8580479,The right time for senescence,fig1,The hallmark features of cellular senescence.,https://www.ncbi.nlm.nih.gov/pmc/articles/PMC8580479/figure/fig1/,cellular senescence*,process,http://purl.obolibrary.org/obo/GO_0090398,SAHF,,http://purl.obolibrary.org/obo/GO_0035985,posi,posi,True
34756162,PMC8580479,The right time for senescence,fig1,The hallmark features of cellular senescence.,https://www.ncbi.nlm.nih.gov/pmc/articles/PMC8580479/figure/fig1/,cellular senescence*,process,http://purl.obolibrary.org/obo/GO_0090398,DNA-SCARS,,http://purl.bioontology.org/ontology/HOIP/HOIP_0060833,posi,posi,True
34756162,PMC8580479,The right time for senescence,fig1,The hallmark features of cellular senescence.,https://www.ncbi.nlm.nih.gov/pmc/articles/PMC8580479/figure/fig1/,cellular senescence*,process,http://purl.obolibrary.org/obo/GO_0090398,LaminB1,molecule,http://purl.obolibrary.org/obo/PR_P20700,nega,nega,True
34756162,PMC8580479,The right time for senescence,fig1,The hallmark features of cellular senescence.,https://www.ncbi.nlm.nih.gov/pmc/articles/PMC8580479/figure/fig1/,cellular senescence*,process,http://purl.obolibrary.org/obo/GO_0090398,metabolic changes （lysosomal and mitochondrial expansion),process,http://purl.bioontology.org/ontology/HOIP/HOIP_0002130,posi,posi,True
34756162,PMC8580479,The right time for senescence,fig1,The hallmark features of cellular senescence.,https://www.ncbi.nlm.nih.gov/pmc/articles/PMC8580479/figure/fig1/,cellular senescence*,process,http://purl.obolibrary.org/obo/GO_0090398,SA-β-gal,molecule,http://purl.obolibrary.org/obo/PR_P16278,posi,posi,True
34756162,PMC8580479,The right time for senescence,fig1,The hallmark features of cellular senescence.,https://www.ncbi.nlm.nih.gov/pmc/articles/PMC8580479/figure/fig1/,cellular senescence*,process,http://purl.obolibrary.org/obo/GO_0090398,Autophagy,process,http://purl.obolibrary.org/obo/GO_0010506,posi,posi,True
34756162,PMC8580479,The right time for senescence,fig1,The hallmark features of cellular senescence.,https://www.ncbi.nlm.nih.gov/pmc/articles/PMC8580479/figure/fig1/,cellular senescence*,process,http://purl.obolibrary.org/obo/GO_0090398,ROS,compound,http://purl.obolibrary.org/obo/CHEBI_26523,posi,posi,True
34756162,PMC8580479,The right time for senescence,fig2,A time-gated model for the senescence-associated secretory phenotype (SASP)-mediated biological activities of cellular senescence.,https://www.ncbi.nlm.nih.gov/pmc/articles/PMC8580479/figure/fig2/,SASP,process,http://purl.bioontology.org/ontology/HOIP/HOIP_0060819,Matrix Remodeling,process,http://purl.obolibrary.org/obo/GO_0030198,posi,posi,True
34756162,PMC8580479,The right time for senescence,fig2,A time-gated model for the senescence-associated secretory phenotype (SASP)-mediated biological activities of cellular senescence.,https://www.ncbi.nlm.nih.gov/pmc/articles/PMC8580479/figure/fig2/,SASP,process,http://purl.bioontology.org/ontology/HOIP/HOIP_0060819,Mitogenic Signals,process,http://purl.obolibrary.org/obo/GO_0000165,posi,posi,True
34756162,PMC8580479,The right time for senescence,fig2,A time-gated model for the senescence-associated secretory phenotype (SASP)-mediated biological activities of cellular senescence.,https://www.ncbi.nlm.nih.gov/pmc/articles/PMC8580479/figure/fig2/,SASP,process,http://purl.bioontology.org/ontology/HOIP/HOIP_0060819,Clearance Regulation,process,http://purl.bioontology.org/ontology/HOIP/HOIP_0060838,posi,posi,True
34756162,PMC8580479,The right time for senescence,fig2,A time-gated model for the senescence-associated secretory phenotype (SASP)-mediated biological activities of cellular senescence.,https://www.ncbi.nlm.nih.gov/pmc/articles/PMC8580479/figure/fig2/,SASP,process,http://purl.bioontology.org/ontology/HOIP/HOIP_0060819,Inflammation,process,http://purl.obolibrary.org/obo/GO_0006954,posi,posi,True
34756162,PMC8580479,The right time for senescence,fig2,A time-gated model for the senescence-associated secretory phenotype (SASP)-mediated biological activities of cellular senescence.,https://www.ncbi.nlm.nih.gov/pmc/articles/PMC8580479/figure/fig2/,SASP,process,http://purl.bioontology.org/ontology/HOIP/HOIP_0060819,Immune Modulation,process,http://purl.obolibrary.org/obo/GO_0050776,posi,posi,True
34756162,PMC8580479,The right time for senescence,fig2,A time-gated model for the senescence-associated secretory phenotype (SASP)-mediated biological activities of cellular senescence.,https://www.ncbi.nlm.nih.gov/pmc/articles/PMC8580479/figure/fig2/,SASP,process,http://purl.bioontology.org/ontology/HOIP/HOIP_0060819,Cell Proliferation,process,http://purl.obolibrary.org/obo/GO_0008283,posi,posi,True
34756162,PMC8580479,The right time for senescence,fig2,A time-gated model for the senescence-associated secretory phenotype (SASP)-mediated biological activities of cellular senescence.,https://www.ncbi.nlm.nih.gov/pmc/articles/PMC8580479/figure/fig2/,SASP,process,http://purl.bioontology.org/ontology/HOIP/HOIP_0060819,Cell Migration,process,http://purl.obolibrary.org/obo/GO_0016477,posi,posi,True
34756162,PMC8580479,The right time for senescence,fig2,A time-gated model for the senescence-associated secretory phenotype (SASP)-mediated biological activities of cellular senescence.,https://www.ncbi.nlm.nih.gov/pmc/articles/PMC8580479/figure/fig2/,SASP,process,http://purl.bioontology.org/ontology/HOIP/HOIP_0060819,Cell Differentiation,process,http://purl.obolibrary.org/obo/GO_0030154,posi,posi,True
34756162,PMC8580479,The right time for senescence,fig2,A time-gated model for the senescence-associated secretory phenotype (SASP)-mediated biological activities of cellular senescence.,https://www.ncbi.nlm.nih.gov/pmc/articles/PMC8580479/figure/fig2/,SASP,process,http://purl.bioontology.org/ontology/HOIP/HOIP_0060819,Cell Plasticity,process,http://purl.bioontology.org/ontology/HOIP/HOIP_0060836,posi,posi,True
34756162,PMC8580479,The right time for senescence,fig2,A time-gated model for the senescence-associated secretory phenotype (SASP)-mediated biological activities of cellular senescence.,https://www.ncbi.nlm.nih.gov/pmc/articles/PMC8580479/figure/fig2/,SASP,process,http://purl.bioontology.org/ontology/HOIP/HOIP_0060819,Vascularization,process,http://purl.bioontology.org/ontology/HOIP/HOIP_0005046,posi,posi,True
34756162,PMC8580479,The right time for senescence,fig2,A time-gated model for the senescence-associated secretory phenotype (SASP)-mediated biological activities of cellular senescence.,https://www.ncbi.nlm.nih.gov/pmc/articles/PMC8580479/figure/fig2/,Persistent SASP,process,http://purl.bioontology.org/ontology/HOIP/HOIP_0060819,Pro-fibrotic,process,http://purl.obolibrary.org/obo/MPATH_181,posi,nega,False
34756162,PMC8580479,The right time for senescence,fig2,A time-gated model for the senescence-associated secretory phenotype (SASP)-mediated biological activities of cellular senescence.,https://www.ncbi.nlm.nih.gov/pmc/articles/PMC8580479/figure/fig2/,Persistent SASP,process,http://purl.bioontology.org/ontology/HOIP/HOIP_0060819,Pro-Inflammatory,process,http://purl.obolibrary.org/obo/GO_0050729,posi,nega,False
34756162,PMC8580479,The right time for senescence,fig2,A time-gated model for the senescence-associated secretory phenotype (SASP)-mediated biological activities of cellular senescence.,https://www.ncbi.nlm.nih.gov/pmc/articles/PMC8580479/figure/fig2/,Persistent SASP,process,http://purl.bioontology.org/ontology/HOIP/HOIP_0060819,SC Accumulation,process,http://purl.bioontology.org/ontology/HOIP/HOIP_0060125,posi,nega,False
34756162,PMC8580479,The right time for senescence,fig2,A time-gated model for the senescence-associated secretory phenotype (SASP)-mediated biological activities of cellular senescence.,https://www.ncbi.nlm.nih.gov/pmc/articles/PMC8580479/figure/fig2/,Persistent SASP,process,http://purl.bioontology.org/ontology/HOIP/HOIP_0060819,Stem Cell Exhaustion,process,http://purl.bioontology.org/ontology/HOIP/HOIP_0060095,posi,nega,False
34756162,PMC8580479,The right time for senescence,fig2,A time-gated model for the senescence-associated secretory phenotype (SASP)-mediated biological activities of cellular senescence.,https://www.ncbi.nlm.nih.gov/pmc/articles/PMC8580479/figure/fig2/,Persistent SASP,process,http://purl.bioontology.org/ontology/HOIP/HOIP_0060819,Tissue Dysfunction,process,http://purl.bioontology.org/ontology/HOIP/HOIP_0039037,posi,nega,False
34756162,PMC8580479,The right time for senescence,fig2,A time-gated model for the senescence-associated secretory phenotype (SASP)-mediated biological activities of cellular senescence.,https://www.ncbi.nlm.nih.gov/pmc/articles/PMC8580479/figure/fig2/,transient SASP,process,http://purl.bioontology.org/ontology/HOIP/HOIP_0060819,Anti-fibrotic,process,http://purl.obolibrary.org/obo/MPATH_181,posi,posi,True
34756162,PMC8580479,The right time for senescence,fig2,A time-gated model for the senescence-associated secretory phenotype (SASP)-mediated biological activities of cellular senescence.,https://www.ncbi.nlm.nih.gov/pmc/articles/PMC8580479/figure/fig2/,transient SASP,process,http://purl.bioontology.org/ontology/HOIP/HOIP_0060819,Anti-Inflammatory,process,http://purl.obolibrary.org/obo/GO_0050728,posi,posi,True
34756162,PMC8580479,The right time for senescence,fig2,A time-gated model for the senescence-associated secretory phenotype (SASP)-mediated biological activities of cellular senescence.,https://www.ncbi.nlm.nih.gov/pmc/articles/PMC8580479/figure/fig2/,transient SASP,process,http://purl.bioontology.org/ontology/HOIP/HOIP_0060819,SC clearance,process,http://purl.bioontology.org/ontology/HOIP/HOIP_0060246,posi,posi,True
34756162,PMC8580479,The right time for senescence,fig2,A time-gated model for the senescence-associated secretory phenotype (SASP)-mediated biological activities of cellular senescence.,https://www.ncbi.nlm.nih.gov/pmc/articles/PMC8580479/figure/fig2/,transient SASP,process,http://purl.bioontology.org/ontology/HOIP/HOIP_0060819,Tissue Patterning,process,http://purl.obolibrary.org/obo/GO_0007389,posi,posi,True
34756162,PMC8580479,The right time for senescence,fig2,A time-gated model for the senescence-associated secretory phenotype (SASP)-mediated biological activities of cellular senescence.,https://www.ncbi.nlm.nih.gov/pmc/articles/PMC8580479/figure/fig2/,transient SASP,process,http://purl.bioontology.org/ontology/HOIP/HOIP_0060819,Development,process,http://purl.obolibrary.org/obo/GO_0032502,posi,posi,True
34756162,PMC8580479,The right time for senescence,fig2,A time-gated model for the senescence-associated secretory phenotype (SASP)-mediated biological activities of cellular senescence.,https://www.ncbi.nlm.nih.gov/pmc/articles/PMC8580479/figure/fig2/,transient SASP,process,http://purl.bioontology.org/ontology/HOIP/HOIP_0060819,Repair,process,http://purl.bioontology.org/ontology/HOIP/HOIP_0060170,posi,posi,True
34756162,PMC8580479,The right time for senescence,fig2,A time-gated model for the senescence-associated secretory phenotype (SASP)-mediated biological activities of cellular senescence.,https://www.ncbi.nlm.nih.gov/pmc/articles/PMC8580479/figure/fig2/,transient SASP,process,http://purl.bioontology.org/ontology/HOIP/HOIP_0060819,Regeneration,process,http://purl.obolibrary.org/obo/GO_0042246,posi,posi,True
34756162,PMC8580479,The right time for senescence,fig2,A time-gated model for the senescence-associated secretory phenotype (SASP)-mediated biological activities of cellular senescence.,https://www.ncbi.nlm.nih.gov/pmc/articles/PMC8580479/figure/fig2/,transient SASP,process,http://purl.bioontology.org/ontology/HOIP/HOIP_0060819,Tumour Suppression,process,http://purl.bioontology.org/ontology/HOIP/HOIP_0060841,posi,posi,True
34756162,PMC8580479,The right time for senescence,fig2,A time-gated model for the senescence-associated secretory phenotype (SASP)-mediated biological activities of cellular senescence.,https://www.ncbi.nlm.nih.gov/pmc/articles/PMC8580479/figure/fig2/,Persistent SASP,process,http://purl.bioontology.org/ontology/HOIP/HOIP_0060819,Tumour Progression,process,http://purl.obolibrary.org/obo/NCIT_C17609,posi,nega,False
34756162,PMC8580479,The right time for senescence,fig2,A time-gated model for the senescence-associated secretory phenotype (SASP)-mediated biological activities of cellular senescence.,https://www.ncbi.nlm.nih.gov/pmc/articles/PMC8580479/figure/fig2/,Persistent SASP,process,http://purl.bioontology.org/ontology/HOIP/HOIP_0060819,Chronic Inflammation,process,http://purl.obolibrary.org/obo/GO_0006954,posi,nega,False
34756162,PMC8580479,The right time for senescence,fig2,A time-gated model for the senescence-associated secretory phenotype (SASP)-mediated biological activities of cellular senescence.,https://www.ncbi.nlm.nih.gov/pmc/articles/PMC8580479/figure/fig2/,Persistent SASP,process,http://purl.bioontology.org/ontology/HOIP/HOIP_0060819,Age related diseases,disease,http://purl.bioontology.org/ontology/HOIP/HOIP_0060002,posi,nega,False
35922662,PMC9362342,"Cellular senescence: the good, the bad and the unknown",Fig1,Mechanisms of cellular senescence and the SASP.,https://www.ncbi.nlm.nih.gov/pmc/articles/PMC9362342/figure/Fig1/,Excessive calorie intake,process,http://purl.obolibrary.org/obo/GO_0002021,ROS,compound,http://purl.obolibrary.org/obo/CHEBI_26523,posi,posi,True
35922662,PMC9362342,"Cellular senescence: the good, the bad and the unknown",Fig1,Mechanisms of cellular senescence and the SASP.,https://www.ncbi.nlm.nih.gov/pmc/articles/PMC9362342/figure/Fig1/,Carcinogen,molecule,http://purl.obolibrary.org/obo/NCIT_C347,ROS,compound,http://purl.obolibrary.org/obo/CHEBI_26523,posi,posi,True
35922662,PMC9362342,"Cellular senescence: the good, the bad and the unknown",Fig1,Mechanisms of cellular senescence and the SASP.,https://www.ncbi.nlm.nih.gov/pmc/articles/PMC9362342/figure/Fig1/,ROS,compound,http://purl.obolibrary.org/obo/CHEBI_26523,p38MAPK,molecule,http://purl.obolibrary.org/obo/PR_000003106,posi,posi,True
35922662,PMC9362342,"Cellular senescence: the good, the bad and the unknown",Fig1,Mechanisms of cellular senescence and the SASP.,https://www.ncbi.nlm.nih.gov/pmc/articles/PMC9362342/figure/Fig1/,p38MAPK,molecule,http://purl.obolibrary.org/obo/PR_000003106,ETS2,molecule,http://purl.obolibrary.org/obo/PR_P15036,posi,posi,True
35922662,PMC9362342,"Cellular senescence: the good, the bad and the unknown",Fig1,Mechanisms of cellular senescence and the SASP.,https://www.ncbi.nlm.nih.gov/pmc/articles/PMC9362342/figure/Fig1/,ETS2,molecule,http://purl.obolibrary.org/obo/PR_P15036,p16,molecule,http://purl.obolibrary.org/obo/PR_000030011,posi,posi,True
35922662,PMC9362342,"Cellular senescence: the good, the bad and the unknown",Fig1,Mechanisms of cellular senescence and the SASP.,https://www.ncbi.nlm.nih.gov/pmc/articles/PMC9362342/figure/Fig1/,Radiation,process,http://purl.obolibrary.org/obo/ENVO_01001023,ROS,compound,http://purl.obolibrary.org/obo/CHEBI_26523,posi,posi,True
35922662,PMC9362342,"Cellular senescence: the good, the bad and the unknown",Fig1,Mechanisms of cellular senescence and the SASP.,https://www.ncbi.nlm.nih.gov/pmc/articles/PMC9362342/figure/Fig1/,Chemical agents,compound,http://purl.obolibrary.org/obo/CHEBI_59999,ROS,compound,http://purl.obolibrary.org/obo/CHEBI_26523,posi,posi,True
35922662,PMC9362342,"Cellular senescence: the good, the bad and the unknown",Fig1,Mechanisms of cellular senescence and the SASP.,https://www.ncbi.nlm.nih.gov/pmc/articles/PMC9362342/figure/Fig1/,Impaired mitophagy,process,http://purl.bioontology.org/ontology/HOIP/HOIP_0060848,Accumulation of damaged mitochondria,process,http://purl.bioontology.org/ontology/HOIP/HOIP_0060849,posi,posi,True
35922662,PMC9362342,"Cellular senescence: the good, the bad and the unknown",Fig1,Mechanisms of cellular senescence and the SASP.,https://www.ncbi.nlm.nih.gov/pmc/articles/PMC9362342/figure/Fig1/,Accumulation of damaged mitochondria,process,http://purl.bioontology.org/ontology/HOIP/HOIP_0060849,ROS,compound,http://purl.obolibrary.org/obo/CHEBI_26523,posi,posi,True
35922662,PMC9362342,"Cellular senescence: the good, the bad and the unknown",Fig1,Mechanisms of cellular senescence and the SASP.,https://www.ncbi.nlm.nih.gov/pmc/articles/PMC9362342/figure/Fig1/,ROS,compound,http://purl.obolibrary.org/obo/CHEBI_26523,DNA damage,process,http://purl.obolibrary.org/obo/NCIT_C16507,posi,posi,True
35922662,PMC9362342,"Cellular senescence: the good, the bad and the unknown",Fig1,Mechanisms of cellular senescence and the SASP.,https://www.ncbi.nlm.nih.gov/pmc/articles/PMC9362342/figure/Fig1/,ROS,compound,http://purl.obolibrary.org/obo/CHEBI_26523,NAD+,compound,http://purl.obolibrary.org/obo/CHEBI_15846,nega,nega,True
35922662,PMC9362342,"Cellular senescence: the good, the bad and the unknown",Fig1,Mechanisms of cellular senescence and the SASP.,https://www.ncbi.nlm.nih.gov/pmc/articles/PMC9362342/figure/Fig1/,ROS,compound,http://purl.obolibrary.org/obo/CHEBI_26523,ERK,molecule,http://purl.obolibrary.org/obo/PR_P28482,posi,posi,True
35922662,PMC9362342,"Cellular senescence: the good, the bad and the unknown",Fig1,Mechanisms of cellular senescence and the SASP.,https://www.ncbi.nlm.nih.gov/pmc/articles/PMC9362342/figure/Fig1/,ROS,compound,http://purl.obolibrary.org/obo/CHEBI_26523,ERK,molecule,http://purl.obolibrary.org/obo/PR_P27361,posi,posi,True
35922662,PMC9362342,"Cellular senescence: the good, the bad and the unknown",Fig1,Mechanisms of cellular senescence and the SASP.,https://www.ncbi.nlm.nih.gov/pmc/articles/PMC9362342/figure/Fig1/,ERK,molecule,http://purl.obolibrary.org/obo/PR_P28482,BMI1,molecule,http://purl.obolibrary.org/obo/PR_P35226,nega,nega,True
35922662,PMC9362342,"Cellular senescence: the good, the bad and the unknown",Fig1,Mechanisms of cellular senescence and the SASP.,https://www.ncbi.nlm.nih.gov/pmc/articles/PMC9362342/figure/Fig1/,ERK,molecule,http://purl.obolibrary.org/obo/PR_P27361,BMI1,molecule,http://purl.obolibrary.org/obo/PR_P35226,nega,nega,True
35922662,PMC9362342,"Cellular senescence: the good, the bad and the unknown",Fig1,Mechanisms of cellular senescence and the SASP.,https://www.ncbi.nlm.nih.gov/pmc/articles/PMC9362342/figure/Fig1/,BMI1,molecule,http://purl.obolibrary.org/obo/PR_P35226,p16,molecule,http://purl.obolibrary.org/obo/PR_000030011,nega,posi,False
35922662,PMC9362342,"Cellular senescence: the good, the bad and the unknown",Fig1,Mechanisms of cellular senescence and the SASP.,https://www.ncbi.nlm.nih.gov/pmc/articles/PMC9362342/figure/Fig1/,p16,molecule,http://purl.obolibrary.org/obo/PR_000030011,CDK4/6-cyclinD,molecule,http://purl.obolibrary.org/obo/GO_0097128,nega,nega,True
35922662,PMC9362342,"Cellular senescence: the good, the bad and the unknown",Fig1,Mechanisms of cellular senescence and the SASP.,https://www.ncbi.nlm.nih.gov/pmc/articles/PMC9362342/figure/Fig1/,p16,molecule,http://purl.obolibrary.org/obo/PR_000030011,CDK4/6-cyclinD,molecule,http://purl.obolibrary.org/obo/GO_0097131,nega,nega,True
35922662,PMC9362342,"Cellular senescence: the good, the bad and the unknown",Fig1,Mechanisms of cellular senescence and the SASP.,https://www.ncbi.nlm.nih.gov/pmc/articles/PMC9362342/figure/Fig1/,CDK4/6-cyclinD,molecule,http://purl.obolibrary.org/obo/GO_0097128,Rb-E2F complex,molecule,http://purl.obolibrary.org/obo/GO_0035189,nega,nega,True
35922662,PMC9362342,"Cellular senescence: the good, the bad and the unknown",Fig1,Mechanisms of cellular senescence and the SASP.,https://www.ncbi.nlm.nih.gov/pmc/articles/PMC9362342/figure/Fig1/,CDK4/6-cyclinD,molecule,http://purl.obolibrary.org/obo/GO_0097131,Rb-E2F complex,molecule,http://purl.obolibrary.org/obo/GO_0035189,nega,nega,True
35922662,PMC9362342,"Cellular senescence: the good, the bad and the unknown",Fig1,Mechanisms of cellular senescence and the SASP.,https://www.ncbi.nlm.nih.gov/pmc/articles/PMC9362342/figure/Fig1/,Rb-E2F complex,molecule,http://purl.obolibrary.org/obo/GO_0035189,Cell-cycle genes,molecule,http://purl.bioontology.org/ontology/HOIP/HOIP_0060858,nega,nega,True
35922662,PMC9362342,"Cellular senescence: the good, the bad and the unknown",Fig1,Mechanisms of cellular senescence and the SASP.,https://www.ncbi.nlm.nih.gov/pmc/articles/PMC9362342/figure/Fig1/,ROS,compound,http://purl.obolibrary.org/obo/CHEBI_26523,p38MAPK,molecule,http://purl.obolibrary.org/obo/PR_000003106,posi,posi,True
35922662,PMC9362342,"Cellular senescence: the good, the bad and the unknown",Fig1,Mechanisms of cellular senescence and the SASP.,https://www.ncbi.nlm.nih.gov/pmc/articles/PMC9362342/figure/Fig1/,NAD+,compound,http://purl.obolibrary.org/obo/CHEBI_15846,Sirtuin 1,molecule,http://purl.obolibrary.org/obo/PR_Q96EB6,posi,nega,False
35922662,PMC9362342,"Cellular senescence: the good, the bad and the unknown",Fig1,Mechanisms of cellular senescence and the SASP.,https://www.ncbi.nlm.nih.gov/pmc/articles/PMC9362342/figure/Fig1/,Sirtuin 1,molecule,http://purl.obolibrary.org/obo/PR_Q96EB6,FOXO3,molecule,http://purl.obolibrary.org/obo/PR_O43524,nega,posi,False
35922662,PMC9362342,"Cellular senescence: the good, the bad and the unknown",Fig1,Mechanisms of cellular senescence and the SASP.,https://www.ncbi.nlm.nih.gov/pmc/articles/PMC9362342/figure/Fig1/,FOXO3,molecule,http://purl.obolibrary.org/obo/PR_O43524,p53,molecule,http://purl.obolibrary.org/obo/PR_P04637,posi,posi,True
35922662,PMC9362342,"Cellular senescence: the good, the bad and the unknown",Fig1,Mechanisms of cellular senescence and the SASP.,https://www.ncbi.nlm.nih.gov/pmc/articles/PMC9362342/figure/Fig1/,ERK,molecule,http://purl.obolibrary.org/obo/PR_P27361,p90,molecule,http://purl.obolibrary.org/obo/PR_Q15418,posi,posi,True
35922662,PMC9362342,"Cellular senescence: the good, the bad and the unknown",Fig1,Mechanisms of cellular senescence and the SASP.,https://www.ncbi.nlm.nih.gov/pmc/articles/PMC9362342/figure/Fig1/,ERK,molecule,http://purl.obolibrary.org/obo/PR_P27361,p90,molecule,http://purl.obolibrary.org/obo/PR_Q15418,posi,posi,True
35922662,PMC9362342,"Cellular senescence: the good, the bad and the unknown",Fig1,Mechanisms of cellular senescence and the SASP.,https://www.ncbi.nlm.nih.gov/pmc/articles/PMC9362342/figure/Fig1/,p90,molecule,http://purl.obolibrary.org/obo/PR_Q15418,c/EBPβ,molecule,http://purl.obolibrary.org/obo/PR_P17676,posi,posi,True
35922662,PMC9362342,"Cellular senescence: the good, the bad and the unknown",Fig1,Mechanisms of cellular senescence and the SASP.,https://www.ncbi.nlm.nih.gov/pmc/articles/PMC9362342/figure/Fig1/,Carcinogen,molecule,http://purl.obolibrary.org/obo/NCIT_C347,Tumour suppressor gene,molecule,http://purl.bioontology.org/ontology/HOIP/HOIP_0060872,posi,nega,False
35922662,PMC9362342,"Cellular senescence: the good, the bad and the unknown",Fig1,Mechanisms of cellular senescence and the SASP.,https://www.ncbi.nlm.nih.gov/pmc/articles/PMC9362342/figure/Fig1/,Tumour suppressor gene,molecule,http://purl.bioontology.org/ontology/HOIP/HOIP_0060872,AKT,molecule,http://purl.obolibrary.org/obo/PR_P31749,nega,posi,False
35922662,PMC9362342,"Cellular senescence: the good, the bad and the unknown",Fig1,Mechanisms of cellular senescence and the SASP.,https://www.ncbi.nlm.nih.gov/pmc/articles/PMC9362342/figure/Fig1/,AKT,molecule,http://purl.obolibrary.org/obo/PR_P31749,mTOR,molecule,http://purl.obolibrary.org/obo/PR_P42345,posi,posi,True
35922662,PMC9362342,"Cellular senescence: the good, the bad and the unknown",Fig1,Mechanisms of cellular senescence and the SASP.,https://www.ncbi.nlm.nih.gov/pmc/articles/PMC9362342/figure/Fig1/,mTOR,molecule,http://purl.obolibrary.org/obo/PR_P42345,p53,molecule,http://purl.obolibrary.org/obo/PR_P04637,posi,posi,True
35922662,PMC9362342,"Cellular senescence: the good, the bad and the unknown",Fig1,Mechanisms of cellular senescence and the SASP.,https://www.ncbi.nlm.nih.gov/pmc/articles/PMC9362342/figure/Fig1/,Carcinogen,molecule,http://purl.obolibrary.org/obo/NCIT_C347,Oncogene,molecule,http://purl.obolibrary.org/obo/NCIT_C16936,posi,posi,True
35922662,PMC9362342,"Cellular senescence: the good, the bad and the unknown",Fig1,Mechanisms of cellular senescence and the SASP.,https://www.ncbi.nlm.nih.gov/pmc/articles/PMC9362342/figure/Fig1/,Oncogene,molecule,http://purl.obolibrary.org/obo/NCIT_C16936,RAS,molecule,http://purl.obolibrary.org/obo/PR_P01116,posi,posi,True
35922662,PMC9362342,"Cellular senescence: the good, the bad and the unknown",Fig1,Mechanisms of cellular senescence and the SASP.,https://www.ncbi.nlm.nih.gov/pmc/articles/PMC9362342/figure/Fig1/,Oncogene,molecule,http://purl.obolibrary.org/obo/NCIT_C16936,ARF,molecule,http://purl.obolibrary.org/obo/PR_Q8N726,posi,posi,True
35922662,PMC9362342,"Cellular senescence: the good, the bad and the unknown",Fig1,Mechanisms of cellular senescence and the SASP.,https://www.ncbi.nlm.nih.gov/pmc/articles/PMC9362342/figure/Fig1/,RAS,molecule,http://purl.obolibrary.org/obo/PR_P01116,ERK,molecule,http://purl.obolibrary.org/obo/PR_P28482,posi,posi,True
35922662,PMC9362342,"Cellular senescence: the good, the bad and the unknown",Fig1,Mechanisms of cellular senescence and the SASP.,https://www.ncbi.nlm.nih.gov/pmc/articles/PMC9362342/figure/Fig1/,RAS,molecule,http://purl.obolibrary.org/obo/PR_P01116,ERK,molecule,http://purl.obolibrary.org/obo/PR_P28482,posi,posi,True
35922662,PMC9362342,"Cellular senescence: the good, the bad and the unknown",Fig1,Mechanisms of cellular senescence and the SASP.,https://www.ncbi.nlm.nih.gov/pmc/articles/PMC9362342/figure/Fig1/,ARF,molecule,http://purl.obolibrary.org/obo/PR_Q8N726,MDM2,molecule,http://purl.obolibrary.org/obo/PR_Q00987,nega,posi,False
35922662,PMC9362342,"Cellular senescence: the good, the bad and the unknown",Fig1,Mechanisms of cellular senescence and the SASP.,https://www.ncbi.nlm.nih.gov/pmc/articles/PMC9362342/figure/Fig1/,MDM2,molecule,http://purl.obolibrary.org/obo/PR_Q00987,p53,molecule,http://purl.obolibrary.org/obo/PR_P04637,nega,posi,False
35922662,PMC9362342,"Cellular senescence: the good, the bad and the unknown",Fig1,Mechanisms of cellular senescence and the SASP.,https://www.ncbi.nlm.nih.gov/pmc/articles/PMC9362342/figure/Fig1/,α-Klotho,molecule,http://purl.obolibrary.org/obo/PR_Q9UEF7,p53,molecule,http://purl.obolibrary.org/obo/PR_P04637,nega,posi,False
35922662,PMC9362342,"Cellular senescence: the good, the bad and the unknown",Fig1,Mechanisms of cellular senescence and the SASP.,https://www.ncbi.nlm.nih.gov/pmc/articles/PMC9362342/figure/Fig1/,MBP1,molecule,http://purl.obolibrary.org/obo/PR_P11226,p53,molecule,http://purl.obolibrary.org/obo/PR_P04637,nega,posi,False
35922662,PMC9362342,"Cellular senescence: the good, the bad and the unknown",Fig1,Mechanisms of cellular senescence and the SASP.,https://www.ncbi.nlm.nih.gov/pmc/articles/PMC9362342/figure/Fig1/,p300,molecule,http://purl.obolibrary.org/obo/PR_Q09472,p53,molecule,http://purl.obolibrary.org/obo/PR_P04637,posi,posi,True
35922662,PMC9362342,"Cellular senescence: the good, the bad and the unknown",Fig1,Mechanisms of cellular senescence and the SASP.,https://www.ncbi.nlm.nih.gov/pmc/articles/PMC9362342/figure/Fig1/,p53,molecule,http://purl.obolibrary.org/obo/PR_P04637,p21,molecule,http://purl.obolibrary.org/obo/PR_P38936,posi,posi,True
35922662,PMC9362342,"Cellular senescence: the good, the bad and the unknown",Fig1,Mechanisms of cellular senescence and the SASP.,https://www.ncbi.nlm.nih.gov/pmc/articles/PMC9362342/figure/Fig1/,p21,molecule,http://purl.obolibrary.org/obo/PR_P38936,CDK4/6-cyclinD,molecule,http://purl.obolibrary.org/obo/GO_0097128,nega,nega,True
35922662,PMC9362342,"Cellular senescence: the good, the bad and the unknown",Fig1,Mechanisms of cellular senescence and the SASP.,https://www.ncbi.nlm.nih.gov/pmc/articles/PMC9362342/figure/Fig1/,p21,molecule,http://purl.obolibrary.org/obo/PR_P38936,CDK4/6-cyclinD,molecule,http://purl.obolibrary.org/obo/GO_0097131,nega,nega,True
35922662,PMC9362342,"Cellular senescence: the good, the bad and the unknown",Fig1,Mechanisms of cellular senescence and the SASP.,https://www.ncbi.nlm.nih.gov/pmc/articles/PMC9362342/figure/Fig1/,p21,molecule,http://purl.obolibrary.org/obo/PR_P38936,CDKs-cyclins,molecule,http://purl.obolibrary.org/obo/GO_0000307,nega,nega,True
35922662,PMC9362342,"Cellular senescence: the good, the bad and the unknown",Fig1,Mechanisms of cellular senescence and the SASP.,https://www.ncbi.nlm.nih.gov/pmc/articles/PMC9362342/figure/Fig1/,CDKs-cyclins,molecule,http://purl.obolibrary.org/obo/GO_0000307,DREAM complex,molecule,http://purl.bioontology.org/ontology/HOIP/HOIP_0060860,nega,nega,True
35922662,PMC9362342,"Cellular senescence: the good, the bad and the unknown",Fig1,Mechanisms of cellular senescence and the SASP.,https://www.ncbi.nlm.nih.gov/pmc/articles/PMC9362342/figure/Fig1/,DREAM complex,molecule,http://purl.bioontology.org/ontology/HOIP/HOIP_0060860,Cell-cycle genes,molecule,http://purl.bioontology.org/ontology/HOIP/HOIP_0060858,nega,nega,True
35922662,PMC9362342,"Cellular senescence: the good, the bad and the unknown",Fig1,Mechanisms of cellular senescence and the SASP.,https://www.ncbi.nlm.nih.gov/pmc/articles/PMC9362342/figure/Fig1/,DNA damage,process,http://purl.obolibrary.org/obo/NCIT_C16507,ATM/ATR,molecule,http://purl.obolibrary.org/obo/PR_Q13315,posi,posi,True
35922662,PMC9362342,"Cellular senescence: the good, the bad and the unknown",Fig1,Mechanisms of cellular senescence and the SASP.,https://www.ncbi.nlm.nih.gov/pmc/articles/PMC9362342/figure/Fig1/,DNA damage,process,http://purl.obolibrary.org/obo/NCIT_C16507,ATM/ATR,molecule,http://purl.obolibrary.org/obo/PR_Q13535,posi,posi,True
35922662,PMC9362342,"Cellular senescence: the good, the bad and the unknown",Fig1,Mechanisms of cellular senescence and the SASP.,https://www.ncbi.nlm.nih.gov/pmc/articles/PMC9362342/figure/Fig1/,ATM/ATR,molecule,http://purl.obolibrary.org/obo/PR_Q13315,CHIK1/CHK2,molecule,http://purl.obolibrary.org/obo/PR_O14757,posi,posi,True
35922662,PMC9362342,"Cellular senescence: the good, the bad and the unknown",Fig1,Mechanisms of cellular senescence and the SASP.,https://www.ncbi.nlm.nih.gov/pmc/articles/PMC9362342/figure/Fig1/,ATM/ATR,molecule,http://purl.obolibrary.org/obo/PR_Q13315,CHIK1/CHK2,molecule,http://purl.obolibrary.org/obo/PR_O96017,posi,posi,True
35922662,PMC9362342,"Cellular senescence: the good, the bad and the unknown",Fig1,Mechanisms of cellular senescence and the SASP.,https://www.ncbi.nlm.nih.gov/pmc/articles/PMC9362342/figure/Fig1/,ATM/ATR,molecule,http://purl.obolibrary.org/obo/PR_Q13535,CHIK1/CHK2,molecule,http://purl.obolibrary.org/obo/PR_O14757,posi,posi,True
35922662,PMC9362342,"Cellular senescence: the good, the bad and the unknown",Fig1,Mechanisms of cellular senescence and the SASP.,https://www.ncbi.nlm.nih.gov/pmc/articles/PMC9362342/figure/Fig1/,ATM/ATR,molecule,http://purl.obolibrary.org/obo/PR_Q13535,CHIK1/CHK2,molecule,http://purl.obolibrary.org/obo/PR_O96017,posi,posi,True
35922662,PMC9362342,"Cellular senescence: the good, the bad and the unknown",Fig1,Mechanisms of cellular senescence and the SASP.,https://www.ncbi.nlm.nih.gov/pmc/articles/PMC9362342/figure/Fig1/,CHIK1/CHK2,molecule,http://purl.obolibrary.org/obo/PR_O14757,p53,molecule,http://purl.obolibrary.org/obo/PR_P04637,posi,posi,True
35922662,PMC9362342,"Cellular senescence: the good, the bad and the unknown",Fig1,Mechanisms of cellular senescence and the SASP.,https://www.ncbi.nlm.nih.gov/pmc/articles/PMC9362342/figure/Fig1/,CHIK1/CHK2,molecule,http://purl.obolibrary.org/obo/PR_O96017,p53,molecule,http://purl.obolibrary.org/obo/PR_P04637,posi,posi,True
35922662,PMC9362342,"Cellular senescence: the good, the bad and the unknown",Fig1,Mechanisms of cellular senescence and the SASP.,https://www.ncbi.nlm.nih.gov/pmc/articles/PMC9362342/figure/Fig1/,Proliferative exhaustion,process,http://purl.bioontology.org/ontology/HOIP/HOIP_0060874,Short telomeres,process,http://purl.bioontology.org/ontology/HOIP/HOIP_0060049,posi,posi,True
35922662,PMC9362342,"Cellular senescence: the good, the bad and the unknown",Fig1,Mechanisms of cellular senescence and the SASP.,https://www.ncbi.nlm.nih.gov/pmc/articles/PMC9362342/figure/Fig1/,Short telomeres,process,http://purl.bioontology.org/ontology/HOIP/HOIP_0060049,ATM/ATR,molecule,http://purl.obolibrary.org/obo/PR_Q13315,posi,posi,True
35922662,PMC9362342,"Cellular senescence: the good, the bad and the unknown",Fig1,Mechanisms of cellular senescence and the SASP.,https://www.ncbi.nlm.nih.gov/pmc/articles/PMC9362342/figure/Fig1/,Short telomeres,process,http://purl.bioontology.org/ontology/HOIP/HOIP_0060049,ATM/ATR,molecule,http://purl.obolibrary.org/obo/PR_Q13535,posi,posi,True
35922662,PMC9362342,"Cellular senescence: the good, the bad and the unknown",Fig1,Mechanisms of cellular senescence and the SASP.,https://www.ncbi.nlm.nih.gov/pmc/articles/PMC9362342/figure/Fig1/,ROS,compound,http://purl.obolibrary.org/obo/CHEBI_26523,Sirtuin 1,molecule,http://purl.obolibrary.org/obo/PR_Q96EB6,nega,nega,True
35922662,PMC9362342,"Cellular senescence: the good, the bad and the unknown",Fig1,Mechanisms of cellular senescence and the SASP.,https://www.ncbi.nlm.nih.gov/pmc/articles/PMC9362342/figure/Fig1/,Sirtuin 1,molecule,http://purl.obolibrary.org/obo/PR_Q96EB6,NF-kB,molecule,http://purl.obolibrary.org/obo/GO_0035525,nega,nega,True
35922662,PMC9362342,"Cellular senescence: the good, the bad and the unknown",Fig1,Mechanisms of cellular senescence and the SASP.,https://www.ncbi.nlm.nih.gov/pmc/articles/PMC9362342/figure/Fig1/,ROS,compound,http://purl.obolibrary.org/obo/CHEBI_26523,TGF-β,molecule,http://purl.obolibrary.org/obo/PR_P01137,posi,posi,True
35922662,PMC9362342,"Cellular senescence: the good, the bad and the unknown",Fig1,Mechanisms of cellular senescence and the SASP.,https://www.ncbi.nlm.nih.gov/pmc/articles/PMC9362342/figure/Fig1/,TGF-β,molecule,http://purl.obolibrary.org/obo/PR_P01137,IKK,molecule,http://purl.obolibrary.org/obo/GO_0008385,posi,posi,True
35922662,PMC9362342,"Cellular senescence: the good, the bad and the unknown",Fig1,Mechanisms of cellular senescence and the SASP.,https://www.ncbi.nlm.nih.gov/pmc/articles/PMC9362342/figure/Fig1/,IKK,molecule,http://purl.obolibrary.org/obo/GO_0008385,NF-kB,molecule,http://purl.obolibrary.org/obo/GO_0035525,posi,posi,True
35922662,PMC9362342,"Cellular senescence: the good, the bad and the unknown",Fig1,Mechanisms of cellular senescence and the SASP.,https://www.ncbi.nlm.nih.gov/pmc/articles/PMC9362342/figure/Fig1/,ROS,compound,http://purl.obolibrary.org/obo/CHEBI_26523,ATM,molecule,http://purl.obolibrary.org/obo/PR_Q13315,posi,posi,True
35922662,PMC9362342,"Cellular senescence: the good, the bad and the unknown",Fig1,Mechanisms of cellular senescence and the SASP.,https://www.ncbi.nlm.nih.gov/pmc/articles/PMC9362342/figure/Fig1/,ATM/ATR,molecule,http://purl.obolibrary.org/obo/PR_Q13315,"NEMO, IKK, NF-kB",process,http://purl.obolibrary.org/obo/GO_0007249,posi,posi,True
35922662,PMC9362342,"Cellular senescence: the good, the bad and the unknown",Fig1,Mechanisms of cellular senescence and the SASP.,https://www.ncbi.nlm.nih.gov/pmc/articles/PMC9362342/figure/Fig1/,ATM/ATR,molecule,http://purl.obolibrary.org/obo/PR_Q13315,NEMO,molecule,http://purl.obolibrary.org/obo/PR_Q9Y6K9,posi,posi,True
35922662,PMC9362342,"Cellular senescence: the good, the bad and the unknown",Fig1,Mechanisms of cellular senescence and the SASP.,https://www.ncbi.nlm.nih.gov/pmc/articles/PMC9362342/figure/Fig1/,NEMO,molecule,http://purl.obolibrary.org/obo/PR_Q9Y6K9,IKK,molecule,http://purl.obolibrary.org/obo/GO_0008385,posi,posi,True
35922662,PMC9362342,"Cellular senescence: the good, the bad and the unknown",Fig1,Mechanisms of cellular senescence and the SASP.,https://www.ncbi.nlm.nih.gov/pmc/articles/PMC9362342/figure/Fig1/,Cytoplasmic DNA,molecule,http://purl.bioontology.org/ontology/HOIP/HOIP_0060879,cGAS,molecule,http://purl.obolibrary.org/obo/PR_Q8N884,posi,posi,True
35922662,PMC9362342,"Cellular senescence: the good, the bad and the unknown",Fig1,Mechanisms of cellular senescence and the SASP.,https://www.ncbi.nlm.nih.gov/pmc/articles/PMC9362342/figure/Fig1/,cGAS,molecule,http://purl.obolibrary.org/obo/PR_Q8N884,STING,molecule,http://purl.obolibrary.org/obo/PR_Q9H5V9,posi,posi,True
35922662,PMC9362342,"Cellular senescence: the good, the bad and the unknown",Fig1,Mechanisms of cellular senescence and the SASP.,https://www.ncbi.nlm.nih.gov/pmc/articles/PMC9362342/figure/Fig1/,STING,molecule,http://purl.obolibrary.org/obo/PR_Q9H5V9,NF-kB,molecule,http://purl.obolibrary.org/obo/GO_0035525,posi,posi,True
35922662,PMC9362342,"Cellular senescence: the good, the bad and the unknown",Fig1,Mechanisms of cellular senescence and the SASP.,https://www.ncbi.nlm.nih.gov/pmc/articles/PMC9362342/figure/Fig1/,Autophagy,process,http://purl.obolibrary.org/obo/GO_0006914,GATA4,molecule,http://purl.obolibrary.org/obo/PR_P43694,nega,posi,False
35922662,PMC9362342,"Cellular senescence: the good, the bad and the unknown",Fig1,Mechanisms of cellular senescence and the SASP.,https://www.ncbi.nlm.nih.gov/pmc/articles/PMC9362342/figure/Fig1/,NF-kB,molecule,http://purl.obolibrary.org/obo/GO_0035525,IL-1α,molecule,http://purl.obolibrary.org/obo/PR_P01583,posi,posi,True
35922662,PMC9362342,"Cellular senescence: the good, the bad and the unknown",Fig1,Mechanisms of cellular senescence and the SASP.,https://www.ncbi.nlm.nih.gov/pmc/articles/PMC9362342/figure/Fig1/,NF-kB,molecule,http://purl.obolibrary.org/obo/GO_0035525,IL-6,molecule,http://purl.obolibrary.org/obo/PR_P05231,posi,posi,True
35922662,PMC9362342,"Cellular senescence: the good, the bad and the unknown",Fig1,Mechanisms of cellular senescence and the SASP.,https://www.ncbi.nlm.nih.gov/pmc/articles/PMC9362342/figure/Fig1/,NF-kB,molecule,http://purl.obolibrary.org/obo/GO_0035525,IL-8,molecule,http://purl.obolibrary.org/obo/PR_P10145,posi,posi,True
35922662,PMC9362342,"Cellular senescence: the good, the bad and the unknown",Fig1,Mechanisms of cellular senescence and the SASP.,https://www.ncbi.nlm.nih.gov/pmc/articles/PMC9362342/figure/Fig1/,NF-kB,molecule,http://purl.obolibrary.org/obo/GO_0035525,CXCL1,molecule,http://purl.obolibrary.org/obo/PR_P09341,posi,posi,True
35922662,PMC9362342,"Cellular senescence: the good, the bad and the unknown",Fig1,Mechanisms of cellular senescence and the SASP.,https://www.ncbi.nlm.nih.gov/pmc/articles/PMC9362342/figure/Fig1/,NF-kB,molecule,http://purl.obolibrary.org/obo/GO_0035525,Proinflammatory cytokines,process,http://purl.obolibrary.org/obo/GO_0002534,posi,posi,True
35922662,PMC9362342,"Cellular senescence: the good, the bad and the unknown",Fig2,Cellular senescence in cancer.,https://www.ncbi.nlm.nih.gov/pmc/articles/PMC9362342/figure/Fig2/,ROS,compound,http://purl.obolibrary.org/obo/CHEBI_26523,p16,molecule,http://purl.obolibrary.org/obo/PR_000030011,posi,posi,True
35922662,PMC9362342,"Cellular senescence: the good, the bad and the unknown",Fig2,Cellular senescence in cancer.,https://www.ncbi.nlm.nih.gov/pmc/articles/PMC9362342/figure/Fig2/,p16,molecule,http://purl.obolibrary.org/obo/PR_000030011,RB,molecule,http://purl.obolibrary.org/obo/PR_P06400,posi,posi,True
35922662,PMC9362342,"Cellular senescence: the good, the bad and the unknown",Fig2,Cellular senescence in cancer.,https://www.ncbi.nlm.nih.gov/pmc/articles/PMC9362342/figure/Fig2/,ROS,compound,http://purl.obolibrary.org/obo/CHEBI_26523,p27,molecule,http://purl.obolibrary.org/obo/PR_P46527,posi,posi,True
35922662,PMC9362342,"Cellular senescence: the good, the bad and the unknown",Fig2,Cellular senescence in cancer.,https://www.ncbi.nlm.nih.gov/pmc/articles/PMC9362342/figure/Fig2/,p27,molecule,http://purl.obolibrary.org/obo/PR_P46527,Senescence,process,http://purl.obolibrary.org/obo/GO_0090398,posi,posi,True
35922662,PMC9362342,"Cellular senescence: the good, the bad and the unknown",Fig2,Cellular senescence in cancer.,https://www.ncbi.nlm.nih.gov/pmc/articles/PMC9362342/figure/Fig2/,RB,molecule,http://purl.obolibrary.org/obo/PR_P06400,Senescence,process,http://purl.obolibrary.org/obo/GO_0090398,posi,posi,True
35922662,PMC9362342,"Cellular senescence: the good, the bad and the unknown",Fig2,Cellular senescence in cancer.,https://www.ncbi.nlm.nih.gov/pmc/articles/PMC9362342/figure/Fig2/,ROS,compound,http://purl.obolibrary.org/obo/CHEBI_26523,p21,molecule,http://purl.obolibrary.org/obo/PR_Q9H633,posi,posi,True
35922662,PMC9362342,"Cellular senescence: the good, the bad and the unknown",Fig2,Cellular senescence in cancer.,https://www.ncbi.nlm.nih.gov/pmc/articles/PMC9362342/figure/Fig2/,p21,molecule,http://purl.obolibrary.org/obo/PR_P38936,Senescence,process,http://purl.obolibrary.org/obo/GO_0090398,posi,posi,True
35922662,PMC9362342,"Cellular senescence: the good, the bad and the unknown",Fig2,Cellular senescence in cancer.,https://www.ncbi.nlm.nih.gov/pmc/articles/PMC9362342/figure/Fig2/,Senescence,process,http://purl.obolibrary.org/obo/GO_0090398,SASP,process,http://purl.bioontology.org/ontology/HOIP/HOIP_0060819,posi,posi,True
35922662,PMC9362342,"Cellular senescence: the good, the bad and the unknown",Fig2,Cellular senescence in cancer.,https://www.ncbi.nlm.nih.gov/pmc/articles/PMC9362342/figure/Fig2/,Senescence,process,http://purl.obolibrary.org/obo/GO_0090398,Cell-cycle arrest,process,http://purl.obolibrary.org/obo/GO_0007050,posi,posi,True
35922662,PMC9362342,"Cellular senescence: the good, the bad and the unknown",Fig2,Cellular senescence in cancer.,https://www.ncbi.nlm.nih.gov/pmc/articles/PMC9362342/figure/Fig2/,Cell-cycle arrest,process,http://purl.obolibrary.org/obo/GO_0007050,Prevents mutations from being passed on to daughter cells,process,http://purl.bioontology.org/ontology/HOIP/HOIP_0060888,posi,posi,True
35922662,PMC9362342,"Cellular senescence: the good, the bad and the unknown",Fig2,Cellular senescence in cancer.,https://www.ncbi.nlm.nih.gov/pmc/articles/PMC9362342/figure/Fig2/,Prevents mutations from being passed on to daughter cells,process,http://purl.bioontology.org/ontology/HOIP/HOIP_0060888,Supress tumorigenesis,process,http://purl.bioontology.org/ontology/HOIP/HOIP_0060841,posi,posi,True
35922662,PMC9362342,"Cellular senescence: the good, the bad and the unknown",Fig2,Cellular senescence in cancer.,https://www.ncbi.nlm.nih.gov/pmc/articles/PMC9362342/figure/Fig2/,Mutations in oncogenes,process,http://purl.obolibrary.org/obo/IDOMAL_50000026,p16,molecule,http://purl.obolibrary.org/obo/PR_000030011,posi,posi,True
35922662,PMC9362342,"Cellular senescence: the good, the bad and the unknown",Fig2,Cellular senescence in cancer.,https://www.ncbi.nlm.nih.gov/pmc/articles/PMC9362342/figure/Fig2/,Mutations in oncogenes,process,http://purl.obolibrary.org/obo/IDOMAL_50000026,p53,molecule,http://purl.obolibrary.org/obo/PR_P04637,posi,posi,True
35922662,PMC9362342,"Cellular senescence: the good, the bad and the unknown",Fig2,Cellular senescence in cancer.,https://www.ncbi.nlm.nih.gov/pmc/articles/PMC9362342/figure/Fig2/,p53,molecule,http://purl.obolibrary.org/obo/PR_P04637,p21,molecule,http://purl.obolibrary.org/obo/PR_P38936,posi,posi,True
35922662,PMC9362342,"Cellular senescence: the good, the bad and the unknown",Fig2,Cellular senescence in cancer.,https://www.ncbi.nlm.nih.gov/pmc/articles/PMC9362342/figure/Fig2/,Mutations in tumour suppressor genes,process,http://purl.obolibrary.org/obo/IDOMAL_50000026,p53,molecule,http://purl.obolibrary.org/obo/PR_P04637,posi,posi,True
35922662,PMC9362342,"Cellular senescence: the good, the bad and the unknown",Fig2,Cellular senescence in cancer.,https://www.ncbi.nlm.nih.gov/pmc/articles/PMC9362342/figure/Fig2/,SASP,process,http://purl.bioontology.org/ontology/HOIP/HOIP_0060819,Accelerates immune clearance,process,http://purl.bioontology.org/ontology/HOIP/HOIP_0060887,posi,posi,True
35922662,PMC9362342,"Cellular senescence: the good, the bad and the unknown",Fig2,Cellular senescence in cancer.,https://www.ncbi.nlm.nih.gov/pmc/articles/PMC9362342/figure/Fig2/,SASP,process,http://purl.bioontology.org/ontology/HOIP/HOIP_0060819,Promotes inflammation,process,http://purl.obolibrary.org/obo/GO_0050729,posi,posi,True
35922662,PMC9362342,"Cellular senescence: the good, the bad and the unknown",Fig2,Cellular senescence in cancer.,https://www.ncbi.nlm.nih.gov/pmc/articles/PMC9362342/figure/Fig2/,SASP,process,http://purl.bioontology.org/ontology/HOIP/HOIP_0060819,Stimulates growth,process,http://purl.obolibrary.org/obo/GO_0045927,posi,posi,True
35922662,PMC9362342,"Cellular senescence: the good, the bad and the unknown",Fig2,Cellular senescence in cancer.,https://www.ncbi.nlm.nih.gov/pmc/articles/PMC9362342/figure/Fig2/,Accelerates immune clearance,process,http://purl.bioontology.org/ontology/HOIP/HOIP_0060887,Supress tumorigenesis,process,http://purl.bioontology.org/ontology/HOIP/HOIP_0060841,posi,posi,True
35922662,PMC9362342,"Cellular senescence: the good, the bad and the unknown",Fig2,Cellular senescence in cancer.,https://www.ncbi.nlm.nih.gov/pmc/articles/PMC9362342/figure/Fig2/,Promotes inflammation,process,http://purl.obolibrary.org/obo/GO_0050729,Promotes tumorigenesis,process,http://purl.bioontology.org/ontology/HOIP/HOIP_0060842,posi,posi,True
35922662,PMC9362342,"Cellular senescence: the good, the bad and the unknown",Fig2,Cellular senescence in cancer.,https://www.ncbi.nlm.nih.gov/pmc/articles/PMC9362342/figure/Fig2/,Stimulates growth,process,http://purl.obolibrary.org/obo/GO_0045927,Promotes tumorigenesis,process,http://purl.bioontology.org/ontology/HOIP/HOIP_0060841,posi,posi,True
