pmid,pmcid,title,figure_id,figure_title,figure_url,node_annotation,node_prediction,node_type,result
29114066,PMC5748990,"Senescence and aging: Causes, consequences, and therapeutic avenues",fig1,Senescence as a central hallmark of aging.,https://www.ncbi.nlm.nih.gov/pmc/articles/PMC5748990/figure/fig1/,mitochondrial dysfunction,mitochondrial dysfunction,PROCESS,True Positive
29114066,PMC5748990,"Senescence and aging: Causes, consequences, and therapeutic avenues",fig1,Senescence as a central hallmark of aging.,https://www.ncbi.nlm.nih.gov/pmc/articles/PMC5748990/figure/fig1/,senescence,senescence,PROCESS,True Positive
29114066,PMC5748990,"Senescence and aging: Causes, consequences, and therapeutic avenues",fig1,Senescence as a central hallmark of aging.,https://www.ncbi.nlm.nih.gov/pmc/articles/PMC5748990/figure/fig1/,chronic inflammation,chronic inflammation,PROCESS,True Positive
29114066,PMC5748990,"Senescence and aging: Causes, consequences, and therapeutic avenues",fig1,Senescence as a central hallmark of aging.,https://www.ncbi.nlm.nih.gov/pmc/articles/PMC5748990/figure/fig1/,proteostatic dysfunction,proteostatic dysfunction,PROCESS,True Positive
29114066,PMC5748990,"Senescence and aging: Causes, consequences, and therapeutic avenues",fig1,Senescence as a central hallmark of aging.,https://www.ncbi.nlm.nih.gov/pmc/articles/PMC5748990/figure/fig1/,nutrient signaling dysfunction,nutrient signaling dysfunction,PROCESS,True Positive
29114066,PMC5748990,"Senescence and aging: Causes, consequences, and therapeutic avenues",fig1,Senescence as a central hallmark of aging.,https://www.ncbi.nlm.nih.gov/pmc/articles/PMC5748990/figure/fig1/,dna damage,dna damage,PROCESS,True Positive
29114066,PMC5748990,"Senescence and aging: Causes, consequences, and therapeutic avenues",fig1,Senescence as a central hallmark of aging.,https://www.ncbi.nlm.nih.gov/pmc/articles/PMC5748990/figure/fig1/,epigenetic factors,epigenetic factors,MOLECULE,True Positive
29114066,PMC5748990,"Senescence and aging: Causes, consequences, and therapeutic avenues",fig1,Senescence as a central hallmark of aging.,https://www.ncbi.nlm.nih.gov/pmc/articles/PMC5748990/figure/fig1/,stem cell exhaustion,stem cell exhaustion,PROCESS,True Positive
29114066,PMC5748990,"Senescence and aging: Causes, consequences, and therapeutic avenues",fig1,Senescence as a central hallmark of aging.,https://www.ncbi.nlm.nih.gov/pmc/articles/PMC5748990/figure/fig1/,telomere erosion,telomere erosion,PROCESS,True Positive
29114066,PMC5748990,"Senescence and aging: Causes, consequences, and therapeutic avenues",fig2,Pathways regulating senescence-mediated arrest.,https://www.ncbi.nlm.nih.gov/pmc/articles/PMC5748990/figure/fig2/,cdk4/6,cdk4/6,MOLECULE,True Positive
29114066,PMC5748990,"Senescence and aging: Causes, consequences, and therapeutic avenues",fig2,Pathways regulating senescence-mediated arrest.,https://www.ncbi.nlm.nih.gov/pmc/articles/PMC5748990/figure/fig2/,arf,arf,MOLECULE,True Positive
29114066,PMC5748990,"Senescence and aging: Causes, consequences, and therapeutic avenues",fig2,Pathways regulating senescence-mediated arrest.,https://www.ncbi.nlm.nih.gov/pmc/articles/PMC5748990/figure/fig2/,ddr,ddr,PROCESS,True Positive
29114066,PMC5748990,"Senescence and aging: Causes, consequences, and therapeutic avenues",fig2,Pathways regulating senescence-mediated arrest.,https://www.ncbi.nlm.nih.gov/pmc/articles/PMC5748990/figure/fig2/,oncogene overexpression,oncogene overexpression,PROCESS,True Positive
29114066,PMC5748990,"Senescence and aging: Causes, consequences, and therapeutic avenues",fig2,Pathways regulating senescence-mediated arrest.,https://www.ncbi.nlm.nih.gov/pmc/articles/PMC5748990/figure/fig2/,mitochondrial dysfunction,mitochondrial dysfunction,PROCESS,True Positive
29114066,PMC5748990,"Senescence and aging: Causes, consequences, and therapeutic avenues",fig2,Pathways regulating senescence-mediated arrest.,https://www.ncbi.nlm.nih.gov/pmc/articles/PMC5748990/figure/fig2/,p21,p21,MOLECULE,True Positive
29114066,PMC5748990,"Senescence and aging: Causes, consequences, and therapeutic avenues",fig2,Pathways regulating senescence-mediated arrest.,https://www.ncbi.nlm.nih.gov/pmc/articles/PMC5748990/figure/fig2/,rb,rb,MOLECULE,True Positive
29114066,PMC5748990,"Senescence and aging: Causes, consequences, and therapeutic avenues",fig2,Pathways regulating senescence-mediated arrest.,https://www.ncbi.nlm.nih.gov/pmc/articles/PMC5748990/figure/fig2/,g1 arrest,g1 arrest,PROCESS,True Positive
29114066,PMC5748990,"Senescence and aging: Causes, consequences, and therapeutic avenues",fig2,Pathways regulating senescence-mediated arrest.,https://www.ncbi.nlm.nih.gov/pmc/articles/PMC5748990/figure/fig2/,inflammation,inflammation,PROCESS,True Positive
29114066,PMC5748990,"Senescence and aging: Causes, consequences, and therapeutic avenues",fig2,Pathways regulating senescence-mediated arrest.,https://www.ncbi.nlm.nih.gov/pmc/articles/PMC5748990/figure/fig2/,mdm2,mdm2,MOLECULE,True Positive
29114066,PMC5748990,"Senescence and aging: Causes, consequences, and therapeutic avenues",fig2,Pathways regulating senescence-mediated arrest.,https://www.ncbi.nlm.nih.gov/pmc/articles/PMC5748990/figure/fig2/,p53,p53,MOLECULE,True Positive
29114066,PMC5748990,"Senescence and aging: Causes, consequences, and therapeutic avenues",fig2,Pathways regulating senescence-mediated arrest.,https://www.ncbi.nlm.nih.gov/pmc/articles/PMC5748990/figure/fig2/,telomere erosion,telomere erosion,PROCESS,True Positive
29114066,PMC5748990,"Senescence and aging: Causes, consequences, and therapeutic avenues",fig2,Pathways regulating senescence-mediated arrest.,https://www.ncbi.nlm.nih.gov/pmc/articles/PMC5748990/figure/fig2/,p16,,MOLECULE,False Negative
29114066,PMC5748990,"Senescence and aging: Causes, consequences, and therapeutic avenues",fig2,Pathways regulating senescence-mediated arrest.,https://www.ncbi.nlm.nih.gov/pmc/articles/PMC5748990/figure/fig2/,dna damage,,PROCESS,False Negative
29114066,PMC5748990,"Senescence and aging: Causes, consequences, and therapeutic avenues",fig2,Pathways regulating senescence-mediated arrest.,https://www.ncbi.nlm.nih.gov/pmc/articles/PMC5748990/figure/fig2/,jmj3d,,MOLECULE,False Negative
29114066,PMC5748990,"Senescence and aging: Causes, consequences, and therapeutic avenues",fig2,Pathways regulating senescence-mediated arrest.,https://www.ncbi.nlm.nih.gov/pmc/articles/PMC5748990/figure/fig2/,ink4a/arf induction,,PROCESS,False Negative
29114066,PMC5748990,"Senescence and aging: Causes, consequences, and therapeutic avenues",fig2,Pathways regulating senescence-mediated arrest.,https://www.ncbi.nlm.nih.gov/pmc/articles/PMC5748990/figure/fig2/,ros,,COMPOUND,False Negative
29114066,PMC5748990,"Senescence and aging: Causes, consequences, and therapeutic avenues",fig2,Pathways regulating senescence-mediated arrest.,https://www.ncbi.nlm.nih.gov/pmc/articles/PMC5748990/figure/fig2/,ink4a/arf locus,,MOLECULE,False Negative
29114066,PMC5748990,"Senescence and aging: Causes, consequences, and therapeutic avenues",fig2,Pathways regulating senescence-mediated arrest.,https://www.ncbi.nlm.nih.gov/pmc/articles/PMC5748990/figure/fig2/,,ros-mediated dna damage,,False Positive
29114066,PMC5748990,"Senescence and aging: Causes, consequences, and therapeutic avenues",fig2,Pathways regulating senescence-mediated arrest.,https://www.ncbi.nlm.nih.gov/pmc/articles/PMC5748990/figure/fig2/,,prc,,False Positive
29114066,PMC5748990,"Senescence and aging: Causes, consequences, and therapeutic avenues",fig2,Pathways regulating senescence-mediated arrest.,https://www.ncbi.nlm.nih.gov/pmc/articles/PMC5748990/figure/fig2/,,ink4/arf induction,,False Positive
29114066,PMC5748990,"Senescence and aging: Causes, consequences, and therapeutic avenues",fig2,Pathways regulating senescence-mediated arrest.,https://www.ncbi.nlm.nih.gov/pmc/articles/PMC5748990/figure/fig2/,,dna-scars,,False Positive
29114066,PMC5748990,"Senescence and aging: Causes, consequences, and therapeutic avenues",fig2,Pathways regulating senescence-mediated arrest.,https://www.ncbi.nlm.nih.gov/pmc/articles/PMC5748990/figure/fig2/,,ink4/arf locus,,False Positive
29114066,PMC5748990,"Senescence and aging: Causes, consequences, and therapeutic avenues",fig2,Pathways regulating senescence-mediated arrest.,https://www.ncbi.nlm.nih.gov/pmc/articles/PMC5748990/figure/fig2/,,jmjd3,,False Positive
29114066,PMC5748990,"Senescence and aging: Causes, consequences, and therapeutic avenues",fig3,Functions of the SASP.,https://www.ncbi.nlm.nih.gov/pmc/articles/PMC5748990/figure/fig3/,sasp,sasp,PROCESS,True Positive
29114066,PMC5748990,"Senescence and aging: Causes, consequences, and therapeutic avenues",fig3,Functions of the SASP.,https://www.ncbi.nlm.nih.gov/pmc/articles/PMC5748990/figure/fig3/,macrophage,macrophage,CELL,True Positive
29114066,PMC5748990,"Senescence and aging: Causes, consequences, and therapeutic avenues",fig3,Functions of the SASP.,https://www.ncbi.nlm.nih.gov/pmc/articles/PMC5748990/figure/fig3/,cd4+ t cell,cd4+ t cell,CELL,True Positive
29114066,PMC5748990,"Senescence and aging: Causes, consequences, and therapeutic avenues",fig3,Functions of the SASP.,https://www.ncbi.nlm.nih.gov/pmc/articles/PMC5748990/figure/fig3/,paracrine senescence,paracrine senescence,PROCESS,True Positive
29114066,PMC5748990,"Senescence and aging: Causes, consequences, and therapeutic avenues",fig3,Functions of the SASP.,https://www.ncbi.nlm.nih.gov/pmc/articles/PMC5748990/figure/fig3/,tissue remodeling,tissue remodeling,PROCESS,True Positive
29114066,PMC5748990,"Senescence and aging: Causes, consequences, and therapeutic avenues",fig3,Functions of the SASP.,https://www.ncbi.nlm.nih.gov/pmc/articles/PMC5748990/figure/fig3/,autocrine senescence,autocrine senescence,PROCESS,True Positive
29114066,PMC5748990,"Senescence and aging: Causes, consequences, and therapeutic avenues",fig3,Functions of the SASP.,https://www.ncbi.nlm.nih.gov/pmc/articles/PMC5748990/figure/fig3/,immune cell recruitment,immune cell recruitment,PROCESS,True Positive
29114066,PMC5748990,"Senescence and aging: Causes, consequences, and therapeutic avenues",fig3,Functions of the SASP.,https://www.ncbi.nlm.nih.gov/pmc/articles/PMC5748990/figure/fig3/,nk cell,nk cell,CELL,True Positive
29114066,PMC5748990,"Senescence and aging: Causes, consequences, and therapeutic avenues",fig3,Functions of the SASP.,https://www.ncbi.nlm.nih.gov/pmc/articles/PMC5748990/figure/fig3/,,senescent cell,,False Positive
29114066,PMC5748990,"Senescence and aging: Causes, consequences, and therapeutic avenues",fig4,Involvement of senescence in disease.,https://www.ncbi.nlm.nih.gov/pmc/articles/PMC5748990/figure/fig4/,sarcopenia,sarcopenia,,True Positive
29114066,PMC5748990,"Senescence and aging: Causes, consequences, and therapeutic avenues",fig4,Involvement of senescence in disease.,https://www.ncbi.nlm.nih.gov/pmc/articles/PMC5748990/figure/fig4/,type 2 diabetes,type 2 diabetes,DISEASE,True Positive
29114066,PMC5748990,"Senescence and aging: Causes, consequences, and therapeutic avenues",fig4,Involvement of senescence in disease.,https://www.ncbi.nlm.nih.gov/pmc/articles/PMC5748990/figure/fig4/,glaucoma,glaucoma,DISEASE,True Positive
29114066,PMC5748990,"Senescence and aging: Causes, consequences, and therapeutic avenues",fig4,Involvement of senescence in disease.,https://www.ncbi.nlm.nih.gov/pmc/articles/PMC5748990/figure/fig4/,glomerulosclerosis,glomerulosclerosis,DISEASE,True Positive
29114066,PMC5748990,"Senescence and aging: Causes, consequences, and therapeutic avenues",fig4,Involvement of senescence in disease.,https://www.ncbi.nlm.nih.gov/pmc/articles/PMC5748990/figure/fig4/,cachexia,cachexia,,True Positive
29114066,PMC5748990,"Senescence and aging: Causes, consequences, and therapeutic avenues",fig4,Involvement of senescence in disease.,https://www.ncbi.nlm.nih.gov/pmc/articles/PMC5748990/figure/fig4/,atherosclerosis,atherosclerosis,DISEASE,True Positive
29114066,PMC5748990,"Senescence and aging: Causes, consequences, and therapeutic avenues",fig4,Involvement of senescence in disease.,https://www.ncbi.nlm.nih.gov/pmc/articles/PMC5748990/figure/fig4/,osteoarthritis,osteoarthritis,DISEASE,True Positive
29114066,PMC5748990,"Senescence and aging: Causes, consequences, and therapeutic avenues",fig4,Involvement of senescence in disease.,https://www.ncbi.nlm.nih.gov/pmc/articles/PMC5748990/figure/fig4/,idiopathic pulmonary fibrosis (ipf),,DISEASE,False Negative
29114066,PMC5748990,"Senescence and aging: Causes, consequences, and therapeutic avenues",fig4,Involvement of senescence in disease.,https://www.ncbi.nlm.nih.gov/pmc/articles/PMC5748990/figure/fig4/,senescence,,PROCESS,False Negative
29114066,PMC5748990,"Senescence and aging: Causes, consequences, and therapeutic avenues",fig4,Involvement of senescence in disease.,https://www.ncbi.nlm.nih.gov/pmc/articles/PMC5748990/figure/fig4/,liver cirrhosis / nafld,,DISEASE,False Negative
29114066,PMC5748990,"Senescence and aging: Causes, consequences, and therapeutic avenues",fig4,Involvement of senescence in disease.,https://www.ncbi.nlm.nih.gov/pmc/articles/PMC5748990/figure/fig4/,,p16,,False Positive
29114066,PMC5748990,"Senescence and aging: Causes, consequences, and therapeutic avenues",fig4,Involvement of senescence in disease.,https://www.ncbi.nlm.nih.gov/pmc/articles/PMC5748990/figure/fig4/,,idiopathic pulmonary fibrosis,,False Positive
29114066,PMC5748990,"Senescence and aging: Causes, consequences, and therapeutic avenues",fig4,Involvement of senescence in disease.,https://www.ncbi.nlm.nih.gov/pmc/articles/PMC5748990/figure/fig4/,,liver cirrhosis,,False Positive
29114066,PMC5748990,"Senescence and aging: Causes, consequences, and therapeutic avenues",fig4,Involvement of senescence in disease.,https://www.ncbi.nlm.nih.gov/pmc/articles/PMC5748990/figure/fig4/,,nafld,,False Positive
29114066,PMC5748990,"Senescence and aging: Causes, consequences, and therapeutic avenues",fig4,Involvement of senescence in disease.,https://www.ncbi.nlm.nih.gov/pmc/articles/PMC5748990/figure/fig4/,,p53,,False Positive
33262144,PMC7706700,Senescence and the SASP: many therapeutic avenues,GAD343129BIRF1,,https://www.ncbi.nlm.nih.gov/pmc/articles/PMC7706700/figure/GAD343129BIRF1/,tissue dysfunction/inflammation,tissue dysfunction/inflammation,PROCESS,True Positive
33262144,PMC7706700,Senescence and the SASP: many therapeutic avenues,GAD343129BIRF1,,https://www.ncbi.nlm.nih.gov/pmc/articles/PMC7706700/figure/GAD343129BIRF1/,tumor promotion,tumor promotion,PROCESS,True Positive
33262144,PMC7706700,Senescence and the SASP: many therapeutic avenues,GAD343129BIRF1,,https://www.ncbi.nlm.nih.gov/pmc/articles/PMC7706700/figure/GAD343129BIRF1/,plasticity/stemness,plasticity/stemness,PROCESS,True Positive
33262144,PMC7706700,Senescence and the SASP: many therapeutic avenues,GAD343129BIRF1,,https://www.ncbi.nlm.nih.gov/pmc/articles/PMC7706700/figure/GAD343129BIRF1/,paracrine senescence,paracrine senescence,PROCESS,True Positive
33262144,PMC7706700,Senescence and the SASP: many therapeutic avenues,GAD343129BIRF1,,https://www.ncbi.nlm.nih.gov/pmc/articles/PMC7706700/figure/GAD343129BIRF1/,immune evasion,immune evasion,PROCESS,True Positive
33262144,PMC7706700,Senescence and the SASP: many therapeutic avenues,GAD343129BIRF1,,https://www.ncbi.nlm.nih.gov/pmc/articles/PMC7706700/figure/GAD343129BIRF1/,senescent cell,senescent cell,PROCESS,True Positive
33262144,PMC7706700,Senescence and the SASP: many therapeutic avenues,GAD343129BIRF1,,https://www.ncbi.nlm.nih.gov/pmc/articles/PMC7706700/figure/GAD343129BIRF1/,immune cell recruitment,immune cell recruitment,PROCESS,True Positive
33262144,PMC7706700,Senescence and the SASP: many therapeutic avenues,GAD343129BIRF1,,https://www.ncbi.nlm.nih.gov/pmc/articles/PMC7706700/figure/GAD343129BIRF1/,cell fate/differentiation,cell fate/differentiation,PROCESS,True Positive
33262144,PMC7706700,Senescence and the SASP: many therapeutic avenues,GAD343129BIRF1,,https://www.ncbi.nlm.nih.gov/pmc/articles/PMC7706700/figure/GAD343129BIRF1/,wound healing/fibrosis resolution,,PROCESS,False Negative
33262144,PMC7706700,Senescence and the SASP: many therapeutic avenues,GAD343129BIRF1,,https://www.ncbi.nlm.nih.gov/pmc/articles/PMC7706700/figure/GAD343129BIRF1/,,fibrosis resolution,,False Positive
33262144,PMC7706700,Senescence and the SASP: many therapeutic avenues,GAD343129BIRF1,,https://www.ncbi.nlm.nih.gov/pmc/articles/PMC7706700/figure/GAD343129BIRF1/,,wound healing,,False Positive
33262144,PMC7706700,Senescence and the SASP: many therapeutic avenues,GAD343129BIRF1,,https://www.ncbi.nlm.nih.gov/pmc/articles/PMC7706700/figure/GAD343129BIRF1/,,senescence reinforcement,,False Positive
34756162,PMC8580479,The right time for senescence,fig1,The hallmark features of cellular senescence.,https://www.ncbi.nlm.nih.gov/pmc/articles/PMC8580479/figure/fig1/,chemotherapy,chemotherapy,PROCESS,True Positive
34756162,PMC8580479,The right time for senescence,fig1,The hallmark features of cellular senescence.,https://www.ncbi.nlm.nih.gov/pmc/articles/PMC8580479/figure/fig1/,oncogene activation,oncogene activation,PROCESS,True Positive
34756162,PMC8580479,The right time for senescence,fig1,The hallmark features of cellular senescence.,https://www.ncbi.nlm.nih.gov/pmc/articles/PMC8580479/figure/fig1/,dna-scars,dna-scars,,True Positive
34756162,PMC8580479,The right time for senescence,fig1,The hallmark features of cellular senescence.,https://www.ncbi.nlm.nih.gov/pmc/articles/PMC8580479/figure/fig1/,dna damage,dna damage,PROCESS,True Positive
34756162,PMC8580479,The right time for senescence,fig1,The hallmark features of cellular senescence.,https://www.ncbi.nlm.nih.gov/pmc/articles/PMC8580479/figure/fig1/,p21,p21,MOLECULE,True Positive
34756162,PMC8580479,The right time for senescence,fig1,The hallmark features of cellular senescence.,https://www.ncbi.nlm.nih.gov/pmc/articles/PMC8580479/figure/fig1/,p53,p53,MOLECULE,True Positive
34756162,PMC8580479,The right time for senescence,fig1,The hallmark features of cellular senescence.,https://www.ncbi.nlm.nih.gov/pmc/articles/PMC8580479/figure/fig1/,p16,p16,MOLECULE,True Positive
34756162,PMC8580479,The right time for senescence,fig1,The hallmark features of cellular senescence.,https://www.ncbi.nlm.nih.gov/pmc/articles/PMC8580479/figure/fig1/,tissue damage,tissue damage,PROCESS,True Positive
34756162,PMC8580479,The right time for senescence,fig1,The hallmark features of cellular senescence.,https://www.ncbi.nlm.nih.gov/pmc/articles/PMC8580479/figure/fig1/,sasp genes,sasp genes,MOLECULE,True Positive
34756162,PMC8580479,The right time for senescence,fig1,The hallmark features of cellular senescence.,https://www.ncbi.nlm.nih.gov/pmc/articles/PMC8580479/figure/fig1/,sahf,sahf,,True Positive
34756162,PMC8580479,The right time for senescence,fig1,The hallmark features of cellular senescence.,https://www.ncbi.nlm.nih.gov/pmc/articles/PMC8580479/figure/fig1/,ros,ros,,True Positive
34756162,PMC8580479,The right time for senescence,fig1,The hallmark features of cellular senescence.,https://www.ncbi.nlm.nih.gov/pmc/articles/PMC8580479/figure/fig1/,sa-β-gal,sa-β-gal,MOLECULE,True Positive
34756162,PMC8580479,The right time for senescence,fig1,The hallmark features of cellular senescence.,https://www.ncbi.nlm.nih.gov/pmc/articles/PMC8580479/figure/fig1/,irradiation,irradiation,PROCESS,True Positive
34756162,PMC8580479,The right time for senescence,fig1,The hallmark features of cellular senescence.,https://www.ncbi.nlm.nih.gov/pmc/articles/PMC8580479/figure/fig1/,mtor,mtor,MOLECULE,True Positive
34756162,PMC8580479,The right time for senescence,fig1,The hallmark features of cellular senescence.,https://www.ncbi.nlm.nih.gov/pmc/articles/PMC8580479/figure/fig1/,bcl-2,bcl-2,MOLECULE,True Positive
34756162,PMC8580479,The right time for senescence,fig1,The hallmark features of cellular senescence.,https://www.ncbi.nlm.nih.gov/pmc/articles/PMC8580479/figure/fig1/,ccfs,ccfs,MOLECULE,True Positive
34756162,PMC8580479,The right time for senescence,fig1,The hallmark features of cellular senescence.,https://www.ncbi.nlm.nih.gov/pmc/articles/PMC8580479/figure/fig1/,telomere erosion,telomere erosion,PROCESS,True Positive
34756162,PMC8580479,The right time for senescence,fig1,The hallmark features of cellular senescence.,https://www.ncbi.nlm.nih.gov/pmc/articles/PMC8580479/figure/fig1/,c/ebpβ,c/ebpβ,MOLECULE,True Positive
34756162,PMC8580479,The right time for senescence,fig1,The hallmark features of cellular senescence.,https://www.ncbi.nlm.nih.gov/pmc/articles/PMC8580479/figure/fig1/,oxidative stress,oxidative stress,PROCESS,True Positive
34756162,PMC8580479,The right time for senescence,fig1,The hallmark features of cellular senescence.,https://www.ncbi.nlm.nih.gov/pmc/articles/PMC8580479/figure/fig1/,sting,sting,MOLECULE,True Positive
34756162,PMC8580479,The right time for senescence,fig1,The hallmark features of cellular senescence.,https://www.ncbi.nlm.nih.gov/pmc/articles/PMC8580479/figure/fig1/,developmental cues,developmental cues,PROCESS,True Positive
34756162,PMC8580479,The right time for senescence,fig1,The hallmark features of cellular senescence.,https://www.ncbi.nlm.nih.gov/pmc/articles/PMC8580479/figure/fig1/,p15,p15,MOLECULE,True Positive
34756162,PMC8580479,The right time for senescence,fig1,The hallmark features of cellular senescence.,https://www.ncbi.nlm.nih.gov/pmc/articles/PMC8580479/figure/fig1/,autophagy,autophagy,PROCESS,True Positive
34756162,PMC8580479,The right time for senescence,fig1,The hallmark features of cellular senescence.,https://www.ncbi.nlm.nih.gov/pmc/articles/PMC8580479/figure/fig1/,ipsc reprogramming,ipsc reprogramming,PROCESS,True Positive
34756162,PMC8580479,The right time for senescence,fig1,The hallmark features of cellular senescence.,https://www.ncbi.nlm.nih.gov/pmc/articles/PMC8580479/figure/fig1/,p14,p14,MOLECULE,True Positive
34756162,PMC8580479,The right time for senescence,fig1,The hallmark features of cellular senescence.,https://www.ncbi.nlm.nih.gov/pmc/articles/PMC8580479/figure/fig1/,p27,p27,MOLECULE,True Positive
34756162,PMC8580479,The right time for senescence,fig1,The hallmark features of cellular senescence.,https://www.ncbi.nlm.nih.gov/pmc/articles/PMC8580479/figure/fig1/,resistance to apoptosis,,PROCESS,False Negative
34756162,PMC8580479,The right time for senescence,fig1,The hallmark features of cellular senescence.,https://www.ncbi.nlm.nih.gov/pmc/articles/PMC8580479/figure/fig1/,enlarged cell size,,PROCESS,False Negative
34756162,PMC8580479,The right time for senescence,fig1,The hallmark features of cellular senescence.,https://www.ncbi.nlm.nih.gov/pmc/articles/PMC8580479/figure/fig1/,gro-α,,MOLECULE,False Negative
34756162,PMC8580479,The right time for senescence,fig1,The hallmark features of cellular senescence.,https://www.ncbi.nlm.nih.gov/pmc/articles/PMC8580479/figure/fig1/,laminb1,,MOLECULE,False Negative
34756162,PMC8580479,The right time for senescence,fig1,The hallmark features of cellular senescence.,https://www.ncbi.nlm.nih.gov/pmc/articles/PMC8580479/figure/fig1/,permanent cell cycle arrest (g1 or g2),,PROCESS,False Negative
34756162,PMC8580479,The right time for senescence,fig1,The hallmark features of cellular senescence.,https://www.ncbi.nlm.nih.gov/pmc/articles/PMC8580479/figure/fig1/,il-6,,MOLECULE,False Negative
34756162,PMC8580479,The right time for senescence,fig1,The hallmark features of cellular senescence.,https://www.ncbi.nlm.nih.gov/pmc/articles/PMC8580479/figure/fig1/,ccl20,,MOLECULE,False Negative
34756162,PMC8580479,The right time for senescence,fig1,The hallmark features of cellular senescence.,https://www.ncbi.nlm.nih.gov/pmc/articles/PMC8580479/figure/fig1/,pi3k,,MOLECULE,False Negative
34756162,PMC8580479,The right time for senescence,fig1,The hallmark features of cellular senescence.,https://www.ncbi.nlm.nih.gov/pmc/articles/PMC8580479/figure/fig1/,igfbp-7,,MOLECULE,False Negative
34756162,PMC8580479,The right time for senescence,fig1,The hallmark features of cellular senescence.,https://www.ncbi.nlm.nih.gov/pmc/articles/PMC8580479/figure/fig1/,tgf-β,,MOLECULE,False Negative
34756162,PMC8580479,The right time for senescence,fig1,The hallmark features of cellular senescence.,https://www.ncbi.nlm.nih.gov/pmc/articles/PMC8580479/figure/fig1/,il-8,,MOLECULE,False Negative
34756162,PMC8580479,The right time for senescence,fig1,The hallmark features of cellular senescence.,https://www.ncbi.nlm.nih.gov/pmc/articles/PMC8580479/figure/fig1/,metabolic changes （lysosomal and mitochondrial expansion),,PROCESS,False Negative
34756162,PMC8580479,The right time for senescence,fig1,The hallmark features of cellular senescence.,https://www.ncbi.nlm.nih.gov/pmc/articles/PMC8580479/figure/fig1/,akt,,MOLECULE,False Negative
34756162,PMC8580479,The right time for senescence,fig1,The hallmark features of cellular senescence.,https://www.ncbi.nlm.nih.gov/pmc/articles/PMC8580479/figure/fig1/,nf-kb,,MOLECULE,False Negative
34756162,PMC8580479,The right time for senescence,fig1,The hallmark features of cellular senescence.,https://www.ncbi.nlm.nih.gov/pmc/articles/PMC8580479/figure/fig1/,ccl2,,MOLECULE,False Negative
34756162,PMC8580479,The right time for senescence,fig1,The hallmark features of cellular senescence.,https://www.ncbi.nlm.nih.gov/pmc/articles/PMC8580479/figure/fig1/,cellular senescence*,,PROCESS,False Negative
34756162,PMC8580479,The right time for senescence,fig1,The hallmark features of cellular senescence.,https://www.ncbi.nlm.nih.gov/pmc/articles/PMC8580479/figure/fig1/,autocrine senescence,,PROCESS,False Negative
34756162,PMC8580479,The right time for senescence,fig1,The hallmark features of cellular senescence.,https://www.ncbi.nlm.nih.gov/pmc/articles/PMC8580479/figure/fig1/,pai-1,,MOLECULE,False Negative
34756162,PMC8580479,The right time for senescence,fig1,The hallmark features of cellular senescence.,https://www.ncbi.nlm.nih.gov/pmc/articles/PMC8580479/figure/fig1/,vegf,,MOLECULE,False Negative
34756162,PMC8580479,The right time for senescence,fig1,The hallmark features of cellular senescence.,https://www.ncbi.nlm.nih.gov/pmc/articles/PMC8580479/figure/fig1/,sasp,,PROCESS,False Negative
34756162,PMC8580479,The right time for senescence,fig1,The hallmark features of cellular senescence.,https://www.ncbi.nlm.nih.gov/pmc/articles/PMC8580479/figure/fig1/,reinforcement of growth arrest,,PROCESS,False Negative
34756162,PMC8580479,The right time for senescence,fig1,The hallmark features of cellular senescence.,https://www.ncbi.nlm.nih.gov/pmc/articles/PMC8580479/figure/fig1/,il-1α,,MOLECULE,False Negative
34756162,PMC8580479,The right time for senescence,fig1,The hallmark features of cellular senescence.,https://www.ncbi.nlm.nih.gov/pmc/articles/PMC8580479/figure/fig1/,paracrine senescence,,PROCESS,False Negative
34756162,PMC8580479,The right time for senescence,fig1,The hallmark features of cellular senescence.,https://www.ncbi.nlm.nih.gov/pmc/articles/PMC8580479/figure/fig1/,ifn-γ,,MOLECULE,False Negative
34756162,PMC8580479,The right time for senescence,fig1,The hallmark features of cellular senescence.,https://www.ncbi.nlm.nih.gov/pmc/articles/PMC8580479/figure/fig1/,cgas,,MOLECULE,False Negative
34756162,PMC8580479,The right time for senescence,fig1,The hallmark features of cellular senescence.,https://www.ncbi.nlm.nih.gov/pmc/articles/PMC8580479/figure/fig1/,,nf-κb,,False Positive
34756162,PMC8580479,The right time for senescence,fig1,The hallmark features of cellular senescence.,https://www.ncbi.nlm.nih.gov/pmc/articles/PMC8580479/figure/fig1/,,lipofuscin,,False Positive
34756162,PMC8580479,The right time for senescence,fig1,The hallmark features of cellular senescence.,https://www.ncbi.nlm.nih.gov/pmc/articles/PMC8580479/figure/fig1/,,lamin b1,,False Positive
34756162,PMC8580479,The right time for senescence,fig1,The hallmark features of cellular senescence.,https://www.ncbi.nlm.nih.gov/pmc/articles/PMC8580479/figure/fig1/,,pi3k/akt,,False Positive
34756162,PMC8580479,The right time for senescence,fig1,The hallmark features of cellular senescence.,https://www.ncbi.nlm.nih.gov/pmc/articles/PMC8580479/figure/fig1/,,upar,,False Positive
34756162,PMC8580479,The right time for senescence,fig2,A time-gated model for the senescence-associated secretory phenotype (SASP)-mediated biological activities of cellular senescence.,https://www.ncbi.nlm.nih.gov/pmc/articles/PMC8580479/figure/fig2/,anti-inflammatory,anti-inflammatory,PROCESS,True Positive
34756162,PMC8580479,The right time for senescence,fig2,A time-gated model for the senescence-associated secretory phenotype (SASP)-mediated biological activities of cellular senescence.,https://www.ncbi.nlm.nih.gov/pmc/articles/PMC8580479/figure/fig2/,cell differentiation,cell differentiation,PROCESS,True Positive
34756162,PMC8580479,The right time for senescence,fig2,A time-gated model for the senescence-associated secretory phenotype (SASP)-mediated biological activities of cellular senescence.,https://www.ncbi.nlm.nih.gov/pmc/articles/PMC8580479/figure/fig2/,persistent sasp,persistent sasp,PROCESS,True Positive
34756162,PMC8580479,The right time for senescence,fig2,A time-gated model for the senescence-associated secretory phenotype (SASP)-mediated biological activities of cellular senescence.,https://www.ncbi.nlm.nih.gov/pmc/articles/PMC8580479/figure/fig2/,anti-fibrotic,anti-fibrotic,PROCESS,True Positive
34756162,PMC8580479,The right time for senescence,fig2,A time-gated model for the senescence-associated secretory phenotype (SASP)-mediated biological activities of cellular senescence.,https://www.ncbi.nlm.nih.gov/pmc/articles/PMC8580479/figure/fig2/,sc accumulation,sc accumulation,PROCESS,True Positive
34756162,PMC8580479,The right time for senescence,fig2,A time-gated model for the senescence-associated secretory phenotype (SASP)-mediated biological activities of cellular senescence.,https://www.ncbi.nlm.nih.gov/pmc/articles/PMC8580479/figure/fig2/,pro-fibrotic,pro-fibrotic,PROCESS,True Positive
34756162,PMC8580479,The right time for senescence,fig2,A time-gated model for the senescence-associated secretory phenotype (SASP)-mediated biological activities of cellular senescence.,https://www.ncbi.nlm.nih.gov/pmc/articles/PMC8580479/figure/fig2/,stem cell exhaustion,stem cell exhaustion,PROCESS,True Positive
34756162,PMC8580479,The right time for senescence,fig2,A time-gated model for the senescence-associated secretory phenotype (SASP)-mediated biological activities of cellular senescence.,https://www.ncbi.nlm.nih.gov/pmc/articles/PMC8580479/figure/fig2/,vascularization,vascularization,PROCESS,True Positive
34756162,PMC8580479,The right time for senescence,fig2,A time-gated model for the senescence-associated secretory phenotype (SASP)-mediated biological activities of cellular senescence.,https://www.ncbi.nlm.nih.gov/pmc/articles/PMC8580479/figure/fig2/,transient sasp,transient sasp,PROCESS,True Positive
34756162,PMC8580479,The right time for senescence,fig2,A time-gated model for the senescence-associated secretory phenotype (SASP)-mediated biological activities of cellular senescence.,https://www.ncbi.nlm.nih.gov/pmc/articles/PMC8580479/figure/fig2/,inflammation,inflammation,PROCESS,True Positive
34756162,PMC8580479,The right time for senescence,fig2,A time-gated model for the senescence-associated secretory phenotype (SASP)-mediated biological activities of cellular senescence.,https://www.ncbi.nlm.nih.gov/pmc/articles/PMC8580479/figure/fig2/,cell migration,cell migration,PROCESS,True Positive
34756162,PMC8580479,The right time for senescence,fig2,A time-gated model for the senescence-associated secretory phenotype (SASP)-mediated biological activities of cellular senescence.,https://www.ncbi.nlm.nih.gov/pmc/articles/PMC8580479/figure/fig2/,tissue patterning,tissue patterning,PROCESS,True Positive
34756162,PMC8580479,The right time for senescence,fig2,A time-gated model for the senescence-associated secretory phenotype (SASP)-mediated biological activities of cellular senescence.,https://www.ncbi.nlm.nih.gov/pmc/articles/PMC8580479/figure/fig2/,tissue dysfunction,tissue dysfunction,PROCESS,True Positive
34756162,PMC8580479,The right time for senescence,fig2,A time-gated model for the senescence-associated secretory phenotype (SASP)-mediated biological activities of cellular senescence.,https://www.ncbi.nlm.nih.gov/pmc/articles/PMC8580479/figure/fig2/,repair,repair,PROCESS,True Positive
34756162,PMC8580479,The right time for senescence,fig2,A time-gated model for the senescence-associated secretory phenotype (SASP)-mediated biological activities of cellular senescence.,https://www.ncbi.nlm.nih.gov/pmc/articles/PMC8580479/figure/fig2/,chronic inflammation,chronic inflammation,PROCESS,True Positive
34756162,PMC8580479,The right time for senescence,fig2,A time-gated model for the senescence-associated secretory phenotype (SASP)-mediated biological activities of cellular senescence.,https://www.ncbi.nlm.nih.gov/pmc/articles/PMC8580479/figure/fig2/,sc clearance,sc clearance,PROCESS,True Positive
34756162,PMC8580479,The right time for senescence,fig2,A time-gated model for the senescence-associated secretory phenotype (SASP)-mediated biological activities of cellular senescence.,https://www.ncbi.nlm.nih.gov/pmc/articles/PMC8580479/figure/fig2/,cell plasticity,cell plasticity,PROCESS,True Positive
34756162,PMC8580479,The right time for senescence,fig2,A time-gated model for the senescence-associated secretory phenotype (SASP)-mediated biological activities of cellular senescence.,https://www.ncbi.nlm.nih.gov/pmc/articles/PMC8580479/figure/fig2/,regeneration,regeneration,PROCESS,True Positive
34756162,PMC8580479,The right time for senescence,fig2,A time-gated model for the senescence-associated secretory phenotype (SASP)-mediated biological activities of cellular senescence.,https://www.ncbi.nlm.nih.gov/pmc/articles/PMC8580479/figure/fig2/,development,development,PROCESS,True Positive
34756162,PMC8580479,The right time for senescence,fig2,A time-gated model for the senescence-associated secretory phenotype (SASP)-mediated biological activities of cellular senescence.,https://www.ncbi.nlm.nih.gov/pmc/articles/PMC8580479/figure/fig2/,sasp,sasp,PROCESS,True Positive
34756162,PMC8580479,The right time for senescence,fig2,A time-gated model for the senescence-associated secretory phenotype (SASP)-mediated biological activities of cellular senescence.,https://www.ncbi.nlm.nih.gov/pmc/articles/PMC8580479/figure/fig2/,cell proliferation,cell proliferation,PROCESS,True Positive
34756162,PMC8580479,The right time for senescence,fig2,A time-gated model for the senescence-associated secretory phenotype (SASP)-mediated biological activities of cellular senescence.,https://www.ncbi.nlm.nih.gov/pmc/articles/PMC8580479/figure/fig2/,clearance regulation,clearance regulation,PROCESS,True Positive
34756162,PMC8580479,The right time for senescence,fig2,A time-gated model for the senescence-associated secretory phenotype (SASP)-mediated biological activities of cellular senescence.,https://www.ncbi.nlm.nih.gov/pmc/articles/PMC8580479/figure/fig2/,matrix remodeling,matrix remodeling,PROCESS,True Positive
34756162,PMC8580479,The right time for senescence,fig2,A time-gated model for the senescence-associated secretory phenotype (SASP)-mediated biological activities of cellular senescence.,https://www.ncbi.nlm.nih.gov/pmc/articles/PMC8580479/figure/fig2/,pro-inflammatory,pro-inflammatory,PROCESS,True Positive
34756162,PMC8580479,The right time for senescence,fig2,A time-gated model for the senescence-associated secretory phenotype (SASP)-mediated biological activities of cellular senescence.,https://www.ncbi.nlm.nih.gov/pmc/articles/PMC8580479/figure/fig2/,immune modulation,immune modulation,PROCESS,True Positive
34756162,PMC8580479,The right time for senescence,fig2,A time-gated model for the senescence-associated secretory phenotype (SASP)-mediated biological activities of cellular senescence.,https://www.ncbi.nlm.nih.gov/pmc/articles/PMC8580479/figure/fig2/,mitogenic signals,mitogenic signals,PROCESS,True Positive
34756162,PMC8580479,The right time for senescence,fig2,A time-gated model for the senescence-associated secretory phenotype (SASP)-mediated biological activities of cellular senescence.,https://www.ncbi.nlm.nih.gov/pmc/articles/PMC8580479/figure/fig2/,tumour progression,,PROCESS,False Negative
34756162,PMC8580479,The right time for senescence,fig2,A time-gated model for the senescence-associated secretory phenotype (SASP)-mediated biological activities of cellular senescence.,https://www.ncbi.nlm.nih.gov/pmc/articles/PMC8580479/figure/fig2/,age related diseases,,DISEASE,False Negative
34756162,PMC8580479,The right time for senescence,fig2,A time-gated model for the senescence-associated secretory phenotype (SASP)-mediated biological activities of cellular senescence.,https://www.ncbi.nlm.nih.gov/pmc/articles/PMC8580479/figure/fig2/,tumour suppression,,PROCESS,False Negative
34756162,PMC8580479,The right time for senescence,fig2,A time-gated model for the senescence-associated secretory phenotype (SASP)-mediated biological activities of cellular senescence.,https://www.ncbi.nlm.nih.gov/pmc/articles/PMC8580479/figure/fig2/,,microenvironment,,False Positive
34756162,PMC8580479,The right time for senescence,fig2,A time-gated model for the senescence-associated secretory phenotype (SASP)-mediated biological activities of cellular senescence.,https://www.ncbi.nlm.nih.gov/pmc/articles/PMC8580479/figure/fig2/,,tumor progression,,False Positive
34756162,PMC8580479,The right time for senescence,fig2,A time-gated model for the senescence-associated secretory phenotype (SASP)-mediated biological activities of cellular senescence.,https://www.ncbi.nlm.nih.gov/pmc/articles/PMC8580479/figure/fig2/,,age-related diseases,,False Positive
34756162,PMC8580479,The right time for senescence,fig2,A time-gated model for the senescence-associated secretory phenotype (SASP)-mediated biological activities of cellular senescence.,https://www.ncbi.nlm.nih.gov/pmc/articles/PMC8580479/figure/fig2/,,senescence-associated secretory phenotype,,False Positive
34756162,PMC8580479,The right time for senescence,fig2,A time-gated model for the senescence-associated secretory phenotype (SASP)-mediated biological activities of cellular senescence.,https://www.ncbi.nlm.nih.gov/pmc/articles/PMC8580479/figure/fig2/,,tumor suppression,,False Positive
35922662,PMC9362342,"Cellular senescence: the good, the bad and the unknown",Fig1,Mechanisms of cellular senescence and the SASP.,https://www.ncbi.nlm.nih.gov/pmc/articles/PMC9362342/figure/Fig1/,nad+,nad+,COMPOUND,True Positive
35922662,PMC9362342,"Cellular senescence: the good, the bad and the unknown",Fig1,Mechanisms of cellular senescence and the SASP.,https://www.ncbi.nlm.nih.gov/pmc/articles/PMC9362342/figure/Fig1/,carcinogen,carcinogen,MOLECULE,True Positive
35922662,PMC9362342,"Cellular senescence: the good, the bad and the unknown",Fig1,Mechanisms of cellular senescence and the SASP.,https://www.ncbi.nlm.nih.gov/pmc/articles/PMC9362342/figure/Fig1/,atm/atr,atm/atr,MOLECULE,True Positive
35922662,PMC9362342,"Cellular senescence: the good, the bad and the unknown",Fig1,Mechanisms of cellular senescence and the SASP.,https://www.ncbi.nlm.nih.gov/pmc/articles/PMC9362342/figure/Fig1/,radiation,radiation,PROCESS,True Positive
35922662,PMC9362342,"Cellular senescence: the good, the bad and the unknown",Fig1,Mechanisms of cellular senescence and the SASP.,https://www.ncbi.nlm.nih.gov/pmc/articles/PMC9362342/figure/Fig1/,chemical agents,chemical agents,COMPOUND,True Positive
35922662,PMC9362342,"Cellular senescence: the good, the bad and the unknown",Fig1,Mechanisms of cellular senescence and the SASP.,https://www.ncbi.nlm.nih.gov/pmc/articles/PMC9362342/figure/Fig1/,arf,arf,MOLECULE,True Positive
35922662,PMC9362342,"Cellular senescence: the good, the bad and the unknown",Fig1,Mechanisms of cellular senescence and the SASP.,https://www.ncbi.nlm.nih.gov/pmc/articles/PMC9362342/figure/Fig1/,autophagy,autophagy,PROCESS,True Positive
35922662,PMC9362342,"Cellular senescence: the good, the bad and the unknown",Fig1,Mechanisms of cellular senescence and the SASP.,https://www.ncbi.nlm.nih.gov/pmc/articles/PMC9362342/figure/Fig1/,excessive calorie intake,excessive calorie intake,PROCESS,True Positive
35922662,PMC9362342,"Cellular senescence: the good, the bad and the unknown",Fig1,Mechanisms of cellular senescence and the SASP.,https://www.ncbi.nlm.nih.gov/pmc/articles/PMC9362342/figure/Fig1/,dna damage,dna damage,PROCESS,True Positive
35922662,PMC9362342,"Cellular senescence: the good, the bad and the unknown",Fig1,Mechanisms of cellular senescence and the SASP.,https://www.ncbi.nlm.nih.gov/pmc/articles/PMC9362342/figure/Fig1/,akt,akt,MOLECULE,True Positive
35922662,PMC9362342,"Cellular senescence: the good, the bad and the unknown",Fig1,Mechanisms of cellular senescence and the SASP.,https://www.ncbi.nlm.nih.gov/pmc/articles/PMC9362342/figure/Fig1/,ras,ras,MOLECULE,True Positive
35922662,PMC9362342,"Cellular senescence: the good, the bad and the unknown",Fig1,Mechanisms of cellular senescence and the SASP.,https://www.ncbi.nlm.nih.gov/pmc/articles/PMC9362342/figure/Fig1/,short telomeres,short telomeres,PROCESS,True Positive
35922662,PMC9362342,"Cellular senescence: the good, the bad and the unknown",Fig1,Mechanisms of cellular senescence and the SASP.,https://www.ncbi.nlm.nih.gov/pmc/articles/PMC9362342/figure/Fig1/,erk,erk,MOLECULE,True Positive
35922662,PMC9362342,"Cellular senescence: the good, the bad and the unknown",Fig1,Mechanisms of cellular senescence and the SASP.,https://www.ncbi.nlm.nih.gov/pmc/articles/PMC9362342/figure/Fig1/,ros,ros,COMPOUND,True Positive
35922662,PMC9362342,"Cellular senescence: the good, the bad and the unknown",Fig1,Mechanisms of cellular senescence and the SASP.,https://www.ncbi.nlm.nih.gov/pmc/articles/PMC9362342/figure/Fig1/,p53,p53,MOLECULE,True Positive
35922662,PMC9362342,"Cellular senescence: the good, the bad and the unknown",Fig1,Mechanisms of cellular senescence and the SASP.,https://www.ncbi.nlm.nih.gov/pmc/articles/PMC9362342/figure/Fig1/,proliferative exhaustion,proliferative exhaustion,PROCESS,True Positive
35922662,PMC9362342,"Cellular senescence: the good, the bad and the unknown",Fig1,Mechanisms of cellular senescence and the SASP.,https://www.ncbi.nlm.nih.gov/pmc/articles/PMC9362342/figure/Fig1/,sirtuin 1,sirtuin 1,MOLECULE,True Positive
35922662,PMC9362342,"Cellular senescence: the good, the bad and the unknown",Fig1,Mechanisms of cellular senescence and the SASP.,https://www.ncbi.nlm.nih.gov/pmc/articles/PMC9362342/figure/Fig1/,proinflammatory cytokines,proinflammatory cytokines,PROCESS,True Positive
35922662,PMC9362342,"Cellular senescence: the good, the bad and the unknown",Fig1,Mechanisms of cellular senescence and the SASP.,https://www.ncbi.nlm.nih.gov/pmc/articles/PMC9362342/figure/Fig1/,dream complex,,MOLECULE,False Negative
35922662,PMC9362342,"Cellular senescence: the good, the bad and the unknown",Fig1,Mechanisms of cellular senescence and the SASP.,https://www.ncbi.nlm.nih.gov/pmc/articles/PMC9362342/figure/Fig1/,"nemo, ikk, nf-kb",,PROCESS,False Negative
35922662,PMC9362342,"Cellular senescence: the good, the bad and the unknown",Fig1,Mechanisms of cellular senescence and the SASP.,https://www.ncbi.nlm.nih.gov/pmc/articles/PMC9362342/figure/Fig1/,ikk,,MOLECULE,False Negative
35922662,PMC9362342,"Cellular senescence: the good, the bad and the unknown",Fig1,Mechanisms of cellular senescence and the SASP.,https://www.ncbi.nlm.nih.gov/pmc/articles/PMC9362342/figure/Fig1/,foxo3,,MOLECULE,False Negative
35922662,PMC9362342,"Cellular senescence: the good, the bad and the unknown",Fig1,Mechanisms of cellular senescence and the SASP.,https://www.ncbi.nlm.nih.gov/pmc/articles/PMC9362342/figure/Fig1/,cell-cycle genes,,MOLECULE,False Negative
35922662,PMC9362342,"Cellular senescence: the good, the bad and the unknown",Fig1,Mechanisms of cellular senescence and the SASP.,https://www.ncbi.nlm.nih.gov/pmc/articles/PMC9362342/figure/Fig1/,ets2,,MOLECULE,False Negative
35922662,PMC9362342,"Cellular senescence: the good, the bad and the unknown",Fig1,Mechanisms of cellular senescence and the SASP.,https://www.ncbi.nlm.nih.gov/pmc/articles/PMC9362342/figure/Fig1/,p21,,MOLECULE,False Negative
35922662,PMC9362342,"Cellular senescence: the good, the bad and the unknown",Fig1,Mechanisms of cellular senescence and the SASP.,https://www.ncbi.nlm.nih.gov/pmc/articles/PMC9362342/figure/Fig1/,il-6,,MOLECULE,False Negative
35922662,PMC9362342,"Cellular senescence: the good, the bad and the unknown",Fig1,Mechanisms of cellular senescence and the SASP.,https://www.ncbi.nlm.nih.gov/pmc/articles/PMC9362342/figure/Fig1/,α-klotho,,MOLECULE,False Negative
35922662,PMC9362342,"Cellular senescence: the good, the bad and the unknown",Fig1,Mechanisms of cellular senescence and the SASP.,https://www.ncbi.nlm.nih.gov/pmc/articles/PMC9362342/figure/Fig1/,chik1/chk2,,MOLECULE,False Negative
35922662,PMC9362342,"Cellular senescence: the good, the bad and the unknown",Fig1,Mechanisms of cellular senescence and the SASP.,https://www.ncbi.nlm.nih.gov/pmc/articles/PMC9362342/figure/Fig1/,nemo,,MOLECULE,False Negative
35922662,PMC9362342,"Cellular senescence: the good, the bad and the unknown",Fig1,Mechanisms of cellular senescence and the SASP.,https://www.ncbi.nlm.nih.gov/pmc/articles/PMC9362342/figure/Fig1/,gata4,,MOLECULE,False Negative
35922662,PMC9362342,"Cellular senescence: the good, the bad and the unknown",Fig1,Mechanisms of cellular senescence and the SASP.,https://www.ncbi.nlm.nih.gov/pmc/articles/PMC9362342/figure/Fig1/,p16,,MOLECULE,False Negative
35922662,PMC9362342,"Cellular senescence: the good, the bad and the unknown",Fig1,Mechanisms of cellular senescence and the SASP.,https://www.ncbi.nlm.nih.gov/pmc/articles/PMC9362342/figure/Fig1/,cytoplasmic dna,,MOLECULE,False Negative
35922662,PMC9362342,"Cellular senescence: the good, the bad and the unknown",Fig1,Mechanisms of cellular senescence and the SASP.,https://www.ncbi.nlm.nih.gov/pmc/articles/PMC9362342/figure/Fig1/,p38mapk,,MOLECULE,False Negative
35922662,PMC9362342,"Cellular senescence: the good, the bad and the unknown",Fig1,Mechanisms of cellular senescence and the SASP.,https://www.ncbi.nlm.nih.gov/pmc/articles/PMC9362342/figure/Fig1/,tgf-β,,MOLECULE,False Negative
35922662,PMC9362342,"Cellular senescence: the good, the bad and the unknown",Fig1,Mechanisms of cellular senescence and the SASP.,https://www.ncbi.nlm.nih.gov/pmc/articles/PMC9362342/figure/Fig1/,il-8,,MOLECULE,False Negative
35922662,PMC9362342,"Cellular senescence: the good, the bad and the unknown",Fig1,Mechanisms of cellular senescence and the SASP.,https://www.ncbi.nlm.nih.gov/pmc/articles/PMC9362342/figure/Fig1/,cdk4/6-cyclind,,MOLECULE,False Negative
35922662,PMC9362342,"Cellular senescence: the good, the bad and the unknown",Fig1,Mechanisms of cellular senescence and the SASP.,https://www.ncbi.nlm.nih.gov/pmc/articles/PMC9362342/figure/Fig1/,atm,,MOLECULE,False Negative
35922662,PMC9362342,"Cellular senescence: the good, the bad and the unknown",Fig1,Mechanisms of cellular senescence and the SASP.,https://www.ncbi.nlm.nih.gov/pmc/articles/PMC9362342/figure/Fig1/,nf-kb,,MOLECULE,False Negative
35922662,PMC9362342,"Cellular senescence: the good, the bad and the unknown",Fig1,Mechanisms of cellular senescence and the SASP.,https://www.ncbi.nlm.nih.gov/pmc/articles/PMC9362342/figure/Fig1/,mdm2,,MOLECULE,False Negative
35922662,PMC9362342,"Cellular senescence: the good, the bad and the unknown",Fig1,Mechanisms of cellular senescence and the SASP.,https://www.ncbi.nlm.nih.gov/pmc/articles/PMC9362342/figure/Fig1/,bmi1,,MOLECULE,False Negative
35922662,PMC9362342,"Cellular senescence: the good, the bad and the unknown",Fig1,Mechanisms of cellular senescence and the SASP.,https://www.ncbi.nlm.nih.gov/pmc/articles/PMC9362342/figure/Fig1/,tumour suppressor gene,,MOLECULE,False Negative
35922662,PMC9362342,"Cellular senescence: the good, the bad and the unknown",Fig1,Mechanisms of cellular senescence and the SASP.,https://www.ncbi.nlm.nih.gov/pmc/articles/PMC9362342/figure/Fig1/,impaired mitophagy,,PROCESS,False Negative
35922662,PMC9362342,"Cellular senescence: the good, the bad and the unknown",Fig1,Mechanisms of cellular senescence and the SASP.,https://www.ncbi.nlm.nih.gov/pmc/articles/PMC9362342/figure/Fig1/,mtor,,MOLECULE,False Negative
35922662,PMC9362342,"Cellular senescence: the good, the bad and the unknown",Fig1,Mechanisms of cellular senescence and the SASP.,https://www.ncbi.nlm.nih.gov/pmc/articles/PMC9362342/figure/Fig1/,oncogene,,MOLECULE,False Negative
35922662,PMC9362342,"Cellular senescence: the good, the bad and the unknown",Fig1,Mechanisms of cellular senescence and the SASP.,https://www.ncbi.nlm.nih.gov/pmc/articles/PMC9362342/figure/Fig1/,cdks-cyclins,,MOLECULE,False Negative
35922662,PMC9362342,"Cellular senescence: the good, the bad and the unknown",Fig1,Mechanisms of cellular senescence and the SASP.,https://www.ncbi.nlm.nih.gov/pmc/articles/PMC9362342/figure/Fig1/,accumulation of damaged mitochondria,,PROCESS,False Negative
35922662,PMC9362342,"Cellular senescence: the good, the bad and the unknown",Fig1,Mechanisms of cellular senescence and the SASP.,https://www.ncbi.nlm.nih.gov/pmc/articles/PMC9362342/figure/Fig1/,cxcl1,,MOLECULE,False Negative
35922662,PMC9362342,"Cellular senescence: the good, the bad and the unknown",Fig1,Mechanisms of cellular senescence and the SASP.,https://www.ncbi.nlm.nih.gov/pmc/articles/PMC9362342/figure/Fig1/,c/ebpβ,,MOLECULE,False Negative
35922662,PMC9362342,"Cellular senescence: the good, the bad and the unknown",Fig1,Mechanisms of cellular senescence and the SASP.,https://www.ncbi.nlm.nih.gov/pmc/articles/PMC9362342/figure/Fig1/,rb-e2f complex,,MOLECULE,False Negative
35922662,PMC9362342,"Cellular senescence: the good, the bad and the unknown",Fig1,Mechanisms of cellular senescence and the SASP.,https://www.ncbi.nlm.nih.gov/pmc/articles/PMC9362342/figure/Fig1/,mbp1,,MOLECULE,False Negative
35922662,PMC9362342,"Cellular senescence: the good, the bad and the unknown",Fig1,Mechanisms of cellular senescence and the SASP.,https://www.ncbi.nlm.nih.gov/pmc/articles/PMC9362342/figure/Fig1/,p300,,MOLECULE,False Negative
35922662,PMC9362342,"Cellular senescence: the good, the bad and the unknown",Fig1,Mechanisms of cellular senescence and the SASP.,https://www.ncbi.nlm.nih.gov/pmc/articles/PMC9362342/figure/Fig1/,sting,,MOLECULE,False Negative
35922662,PMC9362342,"Cellular senescence: the good, the bad and the unknown",Fig1,Mechanisms of cellular senescence and the SASP.,https://www.ncbi.nlm.nih.gov/pmc/articles/PMC9362342/figure/Fig1/,p90,,MOLECULE,False Negative
35922662,PMC9362342,"Cellular senescence: the good, the bad and the unknown",Fig1,Mechanisms of cellular senescence and the SASP.,https://www.ncbi.nlm.nih.gov/pmc/articles/PMC9362342/figure/Fig1/,il-1α,,MOLECULE,False Negative
35922662,PMC9362342,"Cellular senescence: the good, the bad and the unknown",Fig1,Mechanisms of cellular senescence and the SASP.,https://www.ncbi.nlm.nih.gov/pmc/articles/PMC9362342/figure/Fig1/,cgas,,MOLECULE,False Negative
35922662,PMC9362342,"Cellular senescence: the good, the bad and the unknown",Fig1,Mechanisms of cellular senescence and the SASP.,https://www.ncbi.nlm.nih.gov/pmc/articles/PMC9362342/figure/Fig1/,,mechanical stress,,False Positive
35922662,PMC9362342,"Cellular senescence: the good, the bad and the unknown",Fig1,Mechanisms of cellular senescence and the SASP.,https://www.ncbi.nlm.nih.gov/pmc/articles/PMC9362342/figure/Fig1/,,heat shock,,False Positive
35922662,PMC9362342,"Cellular senescence: the good, the bad and the unknown",Fig1,Mechanisms of cellular senescence and the SASP.,https://www.ncbi.nlm.nih.gov/pmc/articles/PMC9362342/figure/Fig1/,,mechanical damage,,False Positive
35922662,PMC9362342,"Cellular senescence: the good, the bad and the unknown",Fig1,Mechanisms of cellular senescence and the SASP.,https://www.ncbi.nlm.nih.gov/pmc/articles/PMC9362342/figure/Fig1/,,er stress,,False Positive
35922662,PMC9362342,"Cellular senescence: the good, the bad and the unknown",Fig1,Mechanisms of cellular senescence and the SASP.,https://www.ncbi.nlm.nih.gov/pmc/articles/PMC9362342/figure/Fig1/,,metabolic disorder,,False Positive
35922662,PMC9362342,"Cellular senescence: the good, the bad and the unknown",Fig1,Mechanisms of cellular senescence and the SASP.,https://www.ncbi.nlm.nih.gov/pmc/articles/PMC9362342/figure/Fig1/,,bm1,,False Positive
35922662,PMC9362342,"Cellular senescence: the good, the bad and the unknown",Fig1,Mechanisms of cellular senescence and the SASP.,https://www.ncbi.nlm.nih.gov/pmc/articles/PMC9362342/figure/Fig1/,,chik/chk2,,False Positive
35922662,PMC9362342,"Cellular senescence: the good, the bad and the unknown",Fig1,Mechanisms of cellular senescence and the SASP.,https://www.ncbi.nlm.nih.gov/pmc/articles/PMC9362342/figure/Fig1/,,mdm,,False Positive
35922662,PMC9362342,"Cellular senescence: the good, the bad and the unknown",Fig2,Cellular senescence in cancer.,https://www.ncbi.nlm.nih.gov/pmc/articles/PMC9362342/figure/Fig2/,mutations in oncogenes,mutations in oncogenes,PROCESS,True Positive
35922662,PMC9362342,"Cellular senescence: the good, the bad and the unknown",Fig2,Cellular senescence in cancer.,https://www.ncbi.nlm.nih.gov/pmc/articles/PMC9362342/figure/Fig2/,stimulates growth,stimulates growth,PROCESS,True Positive
35922662,PMC9362342,"Cellular senescence: the good, the bad and the unknown",Fig2,Cellular senescence in cancer.,https://www.ncbi.nlm.nih.gov/pmc/articles/PMC9362342/figure/Fig2/,sasp,sasp,PROCESS,True Positive
35922662,PMC9362342,"Cellular senescence: the good, the bad and the unknown",Fig2,Cellular senescence in cancer.,https://www.ncbi.nlm.nih.gov/pmc/articles/PMC9362342/figure/Fig2/,p16,p16,MOLECULE,True Positive
35922662,PMC9362342,"Cellular senescence: the good, the bad and the unknown",Fig2,Cellular senescence in cancer.,https://www.ncbi.nlm.nih.gov/pmc/articles/PMC9362342/figure/Fig2/,senescence,senescence,PROCESS,True Positive
35922662,PMC9362342,"Cellular senescence: the good, the bad and the unknown",Fig2,Cellular senescence in cancer.,https://www.ncbi.nlm.nih.gov/pmc/articles/PMC9362342/figure/Fig2/,promotes tumorigenesis,promotes tumorigenesis,PROCESS,True Positive
35922662,PMC9362342,"Cellular senescence: the good, the bad and the unknown",Fig2,Cellular senescence in cancer.,https://www.ncbi.nlm.nih.gov/pmc/articles/PMC9362342/figure/Fig2/,cell-cycle arrest,cell-cycle arrest,PROCESS,True Positive
35922662,PMC9362342,"Cellular senescence: the good, the bad and the unknown",Fig2,Cellular senescence in cancer.,https://www.ncbi.nlm.nih.gov/pmc/articles/PMC9362342/figure/Fig2/,prevents mutations from being passed on to daughter cells,prevents mutations from being passed on to daughter cells,PROCESS,True Positive
35922662,PMC9362342,"Cellular senescence: the good, the bad and the unknown",Fig2,Cellular senescence in cancer.,https://www.ncbi.nlm.nih.gov/pmc/articles/PMC9362342/figure/Fig2/,rb,rb,MOLECULE,True Positive
35922662,PMC9362342,"Cellular senescence: the good, the bad and the unknown",Fig2,Cellular senescence in cancer.,https://www.ncbi.nlm.nih.gov/pmc/articles/PMC9362342/figure/Fig2/,p21,p21,MOLECULE,True Positive
35922662,PMC9362342,"Cellular senescence: the good, the bad and the unknown",Fig2,Cellular senescence in cancer.,https://www.ncbi.nlm.nih.gov/pmc/articles/PMC9362342/figure/Fig2/,accelerates immune clearance,accelerates immune clearance,PROCESS,True Positive
35922662,PMC9362342,"Cellular senescence: the good, the bad and the unknown",Fig2,Cellular senescence in cancer.,https://www.ncbi.nlm.nih.gov/pmc/articles/PMC9362342/figure/Fig2/,promotes inflammation,promotes inflammation,PROCESS,True Positive
35922662,PMC9362342,"Cellular senescence: the good, the bad and the unknown",Fig2,Cellular senescence in cancer.,https://www.ncbi.nlm.nih.gov/pmc/articles/PMC9362342/figure/Fig2/,ros,ros,COMPOUND,True Positive
35922662,PMC9362342,"Cellular senescence: the good, the bad and the unknown",Fig2,Cellular senescence in cancer.,https://www.ncbi.nlm.nih.gov/pmc/articles/PMC9362342/figure/Fig2/,p53,p53,MOLECULE,True Positive
35922662,PMC9362342,"Cellular senescence: the good, the bad and the unknown",Fig2,Cellular senescence in cancer.,https://www.ncbi.nlm.nih.gov/pmc/articles/PMC9362342/figure/Fig2/,p27,p27,MOLECULE,True Positive
35922662,PMC9362342,"Cellular senescence: the good, the bad and the unknown",Fig2,Cellular senescence in cancer.,https://www.ncbi.nlm.nih.gov/pmc/articles/PMC9362342/figure/Fig2/,supress tumorigenesis,,PROCESS,False Negative
35922662,PMC9362342,"Cellular senescence: the good, the bad and the unknown",Fig2,Cellular senescence in cancer.,https://www.ncbi.nlm.nih.gov/pmc/articles/PMC9362342/figure/Fig2/,mutations in tumour suppressor genes,,PROCESS,False Negative
35922662,PMC9362342,"Cellular senescence: the good, the bad and the unknown",Fig2,Cellular senescence in cancer.,https://www.ncbi.nlm.nih.gov/pmc/articles/PMC9362342/figure/Fig2/,,suppresses tumorigenesis,,False Positive
35922662,PMC9362342,"Cellular senescence: the good, the bad and the unknown",Fig2,Cellular senescence in cancer.,https://www.ncbi.nlm.nih.gov/pmc/articles/PMC9362342/figure/Fig2/,,mutations in tumor suppressor genes,,False Positive
