pmid,pmcid,title,figure_id,figure_label,figure_title,figure_url,figure_depiction,source_description_in_figure,lv2_source,source_type,target_description_in_figure,lv2_target,target_type,direction
29114066,PMC5748990,"Senescence and aging: Causes, consequences, and therapeutic avenues",fig1,Figure 1.,Senescence as a central hallmark of aging.,https://www.ncbi.nlm.nih.gov/pmc/articles/PMC5748990/figure/fig1/,https://www.ncbi.nlm.nih.gov/pmc/articles/PMC5748990/bin/JCB_201708092_Fig1.jpg,Telomere Erosion,http://purl.bioontology.org/ontology/HOIP/HOIP_0060049,process,Senescence,http://purl.obolibrary.org/obo/GO_0090398,process,posi
29114066,PMC5748990,"Senescence and aging: Causes, consequences, and therapeutic avenues",fig1,Figure 1.,Senescence as a central hallmark of aging.,https://www.ncbi.nlm.nih.gov/pmc/articles/PMC5748990/figure/fig1/,https://www.ncbi.nlm.nih.gov/pmc/articles/PMC5748990/bin/JCB_201708092_Fig1.jpg,DNA damage,http://purl.obolibrary.org/obo/NCIT_C16507,process,Senescence,http://purl.obolibrary.org/obo/GO_0090398,process,posi
29114066,PMC5748990,"Senescence and aging: Causes, consequences, and therapeutic avenues",fig1,Figure 1.,Senescence as a central hallmark of aging.,https://www.ncbi.nlm.nih.gov/pmc/articles/PMC5748990/figure/fig1/,https://www.ncbi.nlm.nih.gov/pmc/articles/PMC5748990/bin/JCB_201708092_Fig1.jpg,Mitochondrial dysfunction,http://purl.bioontology.org/ontology/HOIP/HOIP_0002361,process,Senescence,http://purl.obolibrary.org/obo/GO_0090398,process,posi
29114066,PMC5748990,"Senescence and aging: Causes, consequences, and therapeutic avenues",fig1,Figure 1.,Senescence as a central hallmark of aging.,https://www.ncbi.nlm.nih.gov/pmc/articles/PMC5748990/figure/fig1/,https://www.ncbi.nlm.nih.gov/pmc/articles/PMC5748990/bin/JCB_201708092_Fig1.jpg,Nutrient signaling dysfunction,http://purl.bioontology.org/ontology/HOIP/HOIP_0002130,process,Senescence,http://purl.obolibrary.org/obo/GO_0090398,process,posi
29114066,PMC5748990,"Senescence and aging: Causes, consequences, and therapeutic avenues",fig1,Figure 1.,Senescence as a central hallmark of aging.,https://www.ncbi.nlm.nih.gov/pmc/articles/PMC5748990/figure/fig1/,https://www.ncbi.nlm.nih.gov/pmc/articles/PMC5748990/bin/JCB_201708092_Fig1.jpg,Proteostatic dysfunction,http://purl.bioontology.org/ontology/HOIP/HOIP_0060493,process,Senescence,http://purl.obolibrary.org/obo/GO_0090398,process,posi
29114066,PMC5748990,"Senescence and aging: Causes, consequences, and therapeutic avenues",fig1,Figure 1.,Senescence as a central hallmark of aging.,https://www.ncbi.nlm.nih.gov/pmc/articles/PMC5748990/figure/fig1/,https://www.ncbi.nlm.nih.gov/pmc/articles/PMC5748990/bin/JCB_201708092_Fig1.jpg,Senescence,http://purl.obolibrary.org/obo/GO_0090398,process,Chronic Inflammation,http://purl.obolibrary.org/obo/GO_0006954,process,posi
29114066,PMC5748990,"Senescence and aging: Causes, consequences, and therapeutic avenues",fig1,Figure 1.,Senescence as a central hallmark of aging.,https://www.ncbi.nlm.nih.gov/pmc/articles/PMC5748990/figure/fig1/,https://www.ncbi.nlm.nih.gov/pmc/articles/PMC5748990/bin/JCB_201708092_Fig1.jpg,Senescence,http://purl.obolibrary.org/obo/GO_0090398,process,Stem cell exhaustion,http://purl.bioontology.org/ontology/HOIP/HOIP_0040446,process,posi
29114066,PMC5748990,"Senescence and aging: Causes, consequences, and therapeutic avenues",fig1,Figure 1.,Senescence as a central hallmark of aging.,https://www.ncbi.nlm.nih.gov/pmc/articles/PMC5748990/figure/fig1/,https://www.ncbi.nlm.nih.gov/pmc/articles/PMC5748990/bin/JCB_201708092_Fig1.jpg,Senescence,http://purl.obolibrary.org/obo/GO_0090398,process,Nutrient signaling dysfunction,http://purl.bioontology.org/ontology/HOIP/HOIP_0002130,process,posi
29114066,PMC5748990,"Senescence and aging: Causes, consequences, and therapeutic avenues",fig1,Figure 1.,Senescence as a central hallmark of aging.,https://www.ncbi.nlm.nih.gov/pmc/articles/PMC5748990/figure/fig1/,https://www.ncbi.nlm.nih.gov/pmc/articles/PMC5748990/bin/JCB_201708092_Fig1.jpg,Senescence,http://purl.obolibrary.org/obo/GO_0090398,process,Proteostatic dysfunction,http://purl.bioontology.org/ontology/HOIP/HOIP_0060493,process,posi
29114066,PMC5748990,"Senescence and aging: Causes, consequences, and therapeutic avenues",fig1,Figure 1.,Senescence as a central hallmark of aging.,https://www.ncbi.nlm.nih.gov/pmc/articles/PMC5748990/figure/fig1/,https://www.ncbi.nlm.nih.gov/pmc/articles/PMC5748990/bin/JCB_201708092_Fig1.jpg,Epigenetic factors,http://purl.bioontology.org/ontology/HOIP/HOIP_0060897,molecule,Senescence,http://purl.obolibrary.org/obo/GO_0090398,process,posi
29114066,PMC5748990,"Senescence and aging: Causes, consequences, and therapeutic avenues",fig2,Figure 2.,Pathways regulating senescence-mediated arrest.,https://www.ncbi.nlm.nih.gov/pmc/articles/PMC5748990/figure/fig2/,https://www.ncbi.nlm.nih.gov/pmc/articles/PMC5748990/bin/JCB_201708092_Fig2.jpg,Telomere erosion,http://purl.bioontology.org/ontology/HOIP/HOIP_0060049,process,DDR,http://purl.obolibrary.org/obo/GO_0006974,process,posi
29114066,PMC5748990,"Senescence and aging: Causes, consequences, and therapeutic avenues",fig2,Figure 2.,Pathways regulating senescence-mediated arrest.,https://www.ncbi.nlm.nih.gov/pmc/articles/PMC5748990/figure/fig2/,https://www.ncbi.nlm.nih.gov/pmc/articles/PMC5748990/bin/JCB_201708092_Fig2.jpg,Oncogene overexpression,http://purl.bioontology.org/ontology/HOIP/HOIP_0060805,process,DDR,http://purl.obolibrary.org/obo/GO_0006974,process,posi
29114066,PMC5748990,"Senescence and aging: Causes, consequences, and therapeutic avenues",fig2,Figure 2.,Pathways regulating senescence-mediated arrest.,https://www.ncbi.nlm.nih.gov/pmc/articles/PMC5748990/figure/fig2/,https://www.ncbi.nlm.nih.gov/pmc/articles/PMC5748990/bin/JCB_201708092_Fig2.jpg,ROS,http://purl.obolibrary.org/obo/CHEBI_26523,compound,DNA damage,http://purl.obolibrary.org/obo/NCIT_C16507,process,posi
29114066,PMC5748990,"Senescence and aging: Causes, consequences, and therapeutic avenues",fig2,Figure 2.,Pathways regulating senescence-mediated arrest.,https://www.ncbi.nlm.nih.gov/pmc/articles/PMC5748990/figure/fig2/,https://www.ncbi.nlm.nih.gov/pmc/articles/PMC5748990/bin/JCB_201708092_Fig2.jpg,DNA damage,http://purl.obolibrary.org/obo/NCIT_C16507,process,DDR,http://purl.obolibrary.org/obo/GO_0006974,process,posi
29114066,PMC5748990,"Senescence and aging: Causes, consequences, and therapeutic avenues",fig2,Figure 2.,Pathways regulating senescence-mediated arrest.,https://www.ncbi.nlm.nih.gov/pmc/articles/PMC5748990/figure/fig2/,https://www.ncbi.nlm.nih.gov/pmc/articles/PMC5748990/bin/JCB_201708092_Fig2.jpg,Mitochondrial dysfunction,http://purl.bioontology.org/ontology/HOIP/HOIP_0002361,process,DDR,http://purl.obolibrary.org/obo/GO_0006974,process,posi
29114066,PMC5748990,"Senescence and aging: Causes, consequences, and therapeutic avenues",fig2,Figure 2.,Pathways regulating senescence-mediated arrest.,https://www.ncbi.nlm.nih.gov/pmc/articles/PMC5748990/figure/fig2/,https://www.ncbi.nlm.nih.gov/pmc/articles/PMC5748990/bin/JCB_201708092_Fig2.jpg,Inflammation,http://purl.obolibrary.org/obo/GO_0006954,process,DDR,http://purl.obolibrary.org/obo/GO_0006974,process,posi
29114066,PMC5748990,"Senescence and aging: Causes, consequences, and therapeutic avenues",fig2,Figure 2.,Pathways regulating senescence-mediated arrest.,https://www.ncbi.nlm.nih.gov/pmc/articles/PMC5748990/figure/fig2/,https://www.ncbi.nlm.nih.gov/pmc/articles/PMC5748990/bin/JCB_201708092_Fig2.jpg,DDR,http://purl.obolibrary.org/obo/GO_0006974,process,p53,http://purl.obolibrary.org/obo/PR_P04637,molecule,posi
29114066,PMC5748990,"Senescence and aging: Causes, consequences, and therapeutic avenues",fig2,Figure 2.,Pathways regulating senescence-mediated arrest.,https://www.ncbi.nlm.nih.gov/pmc/articles/PMC5748990/figure/fig2/,https://www.ncbi.nlm.nih.gov/pmc/articles/PMC5748990/bin/JCB_201708092_Fig2.jpg,MDM2,http://purl.obolibrary.org/obo/PR_Q00987,molecule,p53,http://purl.obolibrary.org/obo/PR_P04637,molecule,nega
29114066,PMC5748990,"Senescence and aging: Causes, consequences, and therapeutic avenues",fig2,Figure 2.,Pathways regulating senescence-mediated arrest.,https://www.ncbi.nlm.nih.gov/pmc/articles/PMC5748990/figure/fig2/,https://www.ncbi.nlm.nih.gov/pmc/articles/PMC5748990/bin/JCB_201708092_Fig2.jpg,p53,http://purl.obolibrary.org/obo/PR_P04637,molecule,p21,http://purl.obolibrary.org/obo/PR_P38936,molecule,posi
29114066,PMC5748990,"Senescence and aging: Causes, consequences, and therapeutic avenues",fig2,Figure 2.,Pathways regulating senescence-mediated arrest.,https://www.ncbi.nlm.nih.gov/pmc/articles/PMC5748990/figure/fig2/,https://www.ncbi.nlm.nih.gov/pmc/articles/PMC5748990/bin/JCB_201708092_Fig2.jpg,p21,http://purl.obolibrary.org/obo/PR_P38936,molecule,CDK4/6,http://purl.obolibrary.org/obo/PR_P11802,molecule,nega
29114066,PMC5748990,"Senescence and aging: Causes, consequences, and therapeutic avenues",fig2,Figure 2.,Pathways regulating senescence-mediated arrest.,https://www.ncbi.nlm.nih.gov/pmc/articles/PMC5748990/figure/fig2/,https://www.ncbi.nlm.nih.gov/pmc/articles/PMC5748990/bin/JCB_201708092_Fig2.jpg,p21,http://purl.obolibrary.org/obo/PR_P38936,molecule,CDK4/6,http://purl.obolibrary.org/obo/PR_Q00534,molecule,nega
29114066,PMC5748990,"Senescence and aging: Causes, consequences, and therapeutic avenues",fig2,Figure 2.,Pathways regulating senescence-mediated arrest.,https://www.ncbi.nlm.nih.gov/pmc/articles/PMC5748990/figure/fig2/,https://www.ncbi.nlm.nih.gov/pmc/articles/PMC5748990/bin/JCB_201708092_Fig2.jpg,CDK4/6,http://purl.obolibrary.org/obo/PR_P11802,molecule,Rb,http://purl.obolibrary.org/obo/PR_P06400,molecule,nega
29114066,PMC5748990,"Senescence and aging: Causes, consequences, and therapeutic avenues",fig2,Figure 2.,Pathways regulating senescence-mediated arrest.,https://www.ncbi.nlm.nih.gov/pmc/articles/PMC5748990/figure/fig2/,https://www.ncbi.nlm.nih.gov/pmc/articles/PMC5748990/bin/JCB_201708092_Fig2.jpg,CDK4/6,http://purl.obolibrary.org/obo/PR_Q00534,molecule,Rb,http://purl.obolibrary.org/obo/PR_P06400,molecule,nega
29114066,PMC5748990,"Senescence and aging: Causes, consequences, and therapeutic avenues",fig2,Figure 2.,Pathways regulating senescence-mediated arrest.,https://www.ncbi.nlm.nih.gov/pmc/articles/PMC5748990/figure/fig2/,https://www.ncbi.nlm.nih.gov/pmc/articles/PMC5748990/bin/JCB_201708092_Fig2.jpg,Rb,http://purl.obolibrary.org/obo/PR_P06400,molecule,G1 Arrest,http://purl.obolibrary.org/obo/GO_1902807,process,posi
29114066,PMC5748990,"Senescence and aging: Causes, consequences, and therapeutic avenues",fig2,Figure 2.,Pathways regulating senescence-mediated arrest.,https://www.ncbi.nlm.nih.gov/pmc/articles/PMC5748990/figure/fig2/,https://www.ncbi.nlm.nih.gov/pmc/articles/PMC5748990/bin/JCB_201708092_Fig2.jpg,p16,http://purl.obolibrary.org/obo/PR_000030011,molecule,CDK4/6,http://purl.obolibrary.org/obo/PR_P11802,molecule,nega
29114066,PMC5748990,"Senescence and aging: Causes, consequences, and therapeutic avenues",fig2,Figure 2.,Pathways regulating senescence-mediated arrest.,https://www.ncbi.nlm.nih.gov/pmc/articles/PMC5748990/figure/fig2/,https://www.ncbi.nlm.nih.gov/pmc/articles/PMC5748990/bin/JCB_201708092_Fig2.jpg,p16,http://purl.obolibrary.org/obo/PR_000030011,molecule,CDK4/6,http://purl.obolibrary.org/obo/PR_Q00534,molecule,nega
29114066,PMC5748990,"Senescence and aging: Causes, consequences, and therapeutic avenues",fig2,Figure 2.,Pathways regulating senescence-mediated arrest.,https://www.ncbi.nlm.nih.gov/pmc/articles/PMC5748990/figure/fig2/,https://www.ncbi.nlm.nih.gov/pmc/articles/PMC5748990/bin/JCB_201708092_Fig2.jpg,INK4A/ARF induction,http://purl.bioontology.org/ontology/HOIP/HOIP_0060807,process,p16,http://purl.obolibrary.org/obo/PR_000030011,molecule,posi
29114066,PMC5748990,"Senescence and aging: Causes, consequences, and therapeutic avenues",fig2,Figure 2.,Pathways regulating senescence-mediated arrest.,https://www.ncbi.nlm.nih.gov/pmc/articles/PMC5748990/figure/fig2/,https://www.ncbi.nlm.nih.gov/pmc/articles/PMC5748990/bin/JCB_201708092_Fig2.jpg,INK4A/ARF induction,http://purl.bioontology.org/ontology/HOIP/HOIP_0060807,process,ARF,http://purl.obolibrary.org/obo/PR_Q8N726,molecule,posi
29114066,PMC5748990,"Senescence and aging: Causes, consequences, and therapeutic avenues",fig2,Figure 2.,Pathways regulating senescence-mediated arrest.,https://www.ncbi.nlm.nih.gov/pmc/articles/PMC5748990/figure/fig2/,https://www.ncbi.nlm.nih.gov/pmc/articles/PMC5748990/bin/JCB_201708092_Fig2.jpg,ARF,http://purl.obolibrary.org/obo/PR_Q8N726,molecule,MDM2,http://purl.obolibrary.org/obo/PR_Q00987,molecule,posi
29114066,PMC5748990,"Senescence and aging: Causes, consequences, and therapeutic avenues",fig2,Figure 2.,Pathways regulating senescence-mediated arrest.,https://www.ncbi.nlm.nih.gov/pmc/articles/PMC5748990/figure/fig2/,https://www.ncbi.nlm.nih.gov/pmc/articles/PMC5748990/bin/JCB_201708092_Fig2.jpg,JMJ3D,http://purl.obolibrary.org/obo/PR_O15054,molecule,INK4A/ARF locus,http://purl.obolibrary.org/obo/PR_000030011,molecule,nega
29114066,PMC5748990,"Senescence and aging: Causes, consequences, and therapeutic avenues",fig2,Figure 2.,Pathways regulating senescence-mediated arrest.,https://www.ncbi.nlm.nih.gov/pmc/articles/PMC5748990/figure/fig2/,https://www.ncbi.nlm.nih.gov/pmc/articles/PMC5748990/bin/JCB_201708092_Fig2.jpg,JMJ3D,http://purl.obolibrary.org/obo/PR_O15054,molecule,INK4A/ARF locus,http://purl.obolibrary.org/obo/PR_Q8N726,molecule,nega
29114066,PMC5748990,"Senescence and aging: Causes, consequences, and therapeutic avenues",fig3,Figure 3.,Functions of the SASP.,https://www.ncbi.nlm.nih.gov/pmc/articles/PMC5748990/figure/fig3/,https://www.ncbi.nlm.nih.gov/pmc/articles/PMC5748990/bin/JCB_201708092_Fig3.jpg,SASP,http://purl.bioontology.org/ontology/HOIP/HOIP_0060819,process,Immune cell recruitment,http://purl.obolibrary.org/obo/GO_0050900,process,posi
29114066,PMC5748990,"Senescence and aging: Causes, consequences, and therapeutic avenues",fig3,Figure 3.,Functions of the SASP.,https://www.ncbi.nlm.nih.gov/pmc/articles/PMC5748990/figure/fig3/,https://www.ncbi.nlm.nih.gov/pmc/articles/PMC5748990/bin/JCB_201708092_Fig3.jpg,SASP,http://purl.bioontology.org/ontology/HOIP/HOIP_0060819,process,Tissue remodeling,http://purl.obolibrary.org/obo/GO_0048771,process,posi
29114066,PMC5748990,"Senescence and aging: Causes, consequences, and therapeutic avenues",fig3,Figure 3.,Functions of the SASP.,https://www.ncbi.nlm.nih.gov/pmc/articles/PMC5748990/figure/fig3/,https://www.ncbi.nlm.nih.gov/pmc/articles/PMC5748990/bin/JCB_201708092_Fig3.jpg,SASP,http://purl.bioontology.org/ontology/HOIP/HOIP_0060819,process,Paracrine senescence,http://purl.obolibrary.org/obo/GO_0038001,process,posi
29114066,PMC5748990,"Senescence and aging: Causes, consequences, and therapeutic avenues",fig3,Figure 3.,Functions of the SASP.,https://www.ncbi.nlm.nih.gov/pmc/articles/PMC5748990/figure/fig3/,https://www.ncbi.nlm.nih.gov/pmc/articles/PMC5748990/bin/JCB_201708092_Fig3.jpg,SASP,http://purl.bioontology.org/ontology/HOIP/HOIP_0060819,process,Autocrine senescence,http://purl.obolibrary.org/obo/GO_0035425,process,posi
29114066,PMC5748990,"Senescence and aging: Causes, consequences, and therapeutic avenues",fig3,Figure 3.,Functions of the SASP.,https://www.ncbi.nlm.nih.gov/pmc/articles/PMC5748990/figure/fig3/,https://www.ncbi.nlm.nih.gov/pmc/articles/PMC5748990/bin/JCB_201708092_Fig3.jpg,SASP,http://purl.bioontology.org/ontology/HOIP/HOIP_0060819,process,NK Cell,http://purl.obolibrary.org/obo/CL_0000623,cell,posi
29114066,PMC5748990,"Senescence and aging: Causes, consequences, and therapeutic avenues",fig3,Figure 3.,Functions of the SASP.,https://www.ncbi.nlm.nih.gov/pmc/articles/PMC5748990/figure/fig3/,https://www.ncbi.nlm.nih.gov/pmc/articles/PMC5748990/bin/JCB_201708092_Fig3.jpg,SASP,http://purl.bioontology.org/ontology/HOIP/HOIP_0060819,process,Macrophage,http://purl.obolibrary.org/obo/CL_0000235,cell,posi
29114066,PMC5748990,"Senescence and aging: Causes, consequences, and therapeutic avenues",fig3,Figure 3.,Functions of the SASP.,https://www.ncbi.nlm.nih.gov/pmc/articles/PMC5748990/figure/fig3/,https://www.ncbi.nlm.nih.gov/pmc/articles/PMC5748990/bin/JCB_201708092_Fig3.jpg,SASP,http://purl.bioontology.org/ontology/HOIP/HOIP_0060819,process,CD4+ T Cell,http://purl.obolibrary.org/obo/CL_0000624,cell,posi
29114066,PMC5748990,"Senescence and aging: Causes, consequences, and therapeutic avenues",fig4,Figure 4.,Involvement of senescence in disease.,https://www.ncbi.nlm.nih.gov/pmc/articles/PMC5748990/figure/fig4/,https://www.ncbi.nlm.nih.gov/pmc/articles/PMC5748990/bin/JCB_201708092_Fig4.jpg,Senescence,http://purl.obolibrary.org/obo/GO_0090398,process,Glaucoma,http://purl.obolibrary.org/obo/DOID_1686,disease,posi
29114066,PMC5748990,"Senescence and aging: Causes, consequences, and therapeutic avenues",fig4,Figure 4.,Involvement of senescence in disease.,https://www.ncbi.nlm.nih.gov/pmc/articles/PMC5748990/figure/fig4/,https://www.ncbi.nlm.nih.gov/pmc/articles/PMC5748990/bin/JCB_201708092_Fig4.jpg,Senescence,http://purl.obolibrary.org/obo/GO_0090398,process,Idiopathic pulmonary fibrosis (IPF),http://purl.obolibrary.org/obo/DOID_0050156,disease,posi
29114066,PMC5748990,"Senescence and aging: Causes, consequences, and therapeutic avenues",fig4,Figure 4.,Involvement of senescence in disease.,https://www.ncbi.nlm.nih.gov/pmc/articles/PMC5748990/figure/fig4/,https://www.ncbi.nlm.nih.gov/pmc/articles/PMC5748990/bin/JCB_201708092_Fig4.jpg,Senescence,http://purl.obolibrary.org/obo/GO_0090398,process,Atherosclerosis,http://purl.obolibrary.org/obo/DOID_1936,disease,posi
29114066,PMC5748990,"Senescence and aging: Causes, consequences, and therapeutic avenues",fig4,Figure 4.,Involvement of senescence in disease.,https://www.ncbi.nlm.nih.gov/pmc/articles/PMC5748990/figure/fig4/,https://www.ncbi.nlm.nih.gov/pmc/articles/PMC5748990/bin/JCB_201708092_Fig4.jpg,Senescence,http://purl.obolibrary.org/obo/GO_0090398,process,Liver cirrhosis / NAFLD,http://purl.obolibrary.org/obo/DOID_0080208,disease,posi
29114066,PMC5748990,"Senescence and aging: Causes, consequences, and therapeutic avenues",fig4,Figure 4.,Involvement of senescence in disease.,https://www.ncbi.nlm.nih.gov/pmc/articles/PMC5748990/figure/fig4/,https://www.ncbi.nlm.nih.gov/pmc/articles/PMC5748990/bin/JCB_201708092_Fig4.jpg,Senescence,http://purl.obolibrary.org/obo/GO_0090398,process,Glomerulosclerosis,http://purl.obolibrary.org/obo/DOID_0050851,disease,posi
29114066,PMC5748990,"Senescence and aging: Causes, consequences, and therapeutic avenues",fig4,Figure 4.,Involvement of senescence in disease.,https://www.ncbi.nlm.nih.gov/pmc/articles/PMC5748990/figure/fig4/,https://www.ncbi.nlm.nih.gov/pmc/articles/PMC5748990/bin/JCB_201708092_Fig4.jpg,Senescence,http://purl.obolibrary.org/obo/GO_0090398,process,Type 2 Diabetes,http://purl.obolibrary.org/obo/DOID_9352,disease,posi
29114066,PMC5748990,"Senescence and aging: Causes, consequences, and therapeutic avenues",fig4,Figure 4.,Involvement of senescence in disease.,https://www.ncbi.nlm.nih.gov/pmc/articles/PMC5748990/figure/fig4/,https://www.ncbi.nlm.nih.gov/pmc/articles/PMC5748990/bin/JCB_201708092_Fig4.jpg,Senescence,http://purl.obolibrary.org/obo/GO_0090398,process,Cachexia,http://purl.obolibrary.org/obo/SYMP_0000402,,posi
29114066,PMC5748990,"Senescence and aging: Causes, consequences, and therapeutic avenues",fig4,Figure 4.,Involvement of senescence in disease.,https://www.ncbi.nlm.nih.gov/pmc/articles/PMC5748990/figure/fig4/,https://www.ncbi.nlm.nih.gov/pmc/articles/PMC5748990/bin/JCB_201708092_Fig4.jpg,Senescence,http://purl.obolibrary.org/obo/GO_0090398,process,Sarcopenia,http://purl.obolibrary.org/obo/NCIT_C186726,,posi
29114066,PMC5748990,"Senescence and aging: Causes, consequences, and therapeutic avenues",fig4,Figure 4.,Involvement of senescence in disease.,https://www.ncbi.nlm.nih.gov/pmc/articles/PMC5748990/figure/fig4/,https://www.ncbi.nlm.nih.gov/pmc/articles/PMC5748990/bin/JCB_201708092_Fig4.jpg,Senescence,http://purl.obolibrary.org/obo/GO_0090398,process,Osteoarthritis,http://purl.obolibrary.org/obo/DOID_8398,disease,posi
33262144,PMC7706700,Senescence and the SASP: many therapeutic avenues,GAD343129BIRF1,Figure 1.,,https://www.ncbi.nlm.nih.gov/pmc/articles/PMC7706700/figure/GAD343129BIRF1/,https://www.ncbi.nlm.nih.gov/pmc/articles/PMC7706700/bin/1565f01.jpg,Senescent Cell,http://purl.obolibrary.org/obo/GO_0090398,process,Wound healing/Fibrosis resolution,http://purl.obolibrary.org/obo/GO_0042060,process,posi
33262144,PMC7706700,Senescence and the SASP: many therapeutic avenues,GAD343129BIRF1,Figure 1.,,https://www.ncbi.nlm.nih.gov/pmc/articles/PMC7706700/figure/GAD343129BIRF1/,https://www.ncbi.nlm.nih.gov/pmc/articles/PMC7706700/bin/1565f01.jpg,Senescent Cell,http://purl.obolibrary.org/obo/GO_0090398,process,Wound healing/Fibrosis resolution,http://purl.bioontology.org/ontology/HOIP/HOIP_0060892,process,posi
33262144,PMC7706700,Senescence and the SASP: many therapeutic avenues,GAD343129BIRF1,Figure 1.,,https://www.ncbi.nlm.nih.gov/pmc/articles/PMC7706700/figure/GAD343129BIRF1/,https://www.ncbi.nlm.nih.gov/pmc/articles/PMC7706700/bin/1565f01.jpg,Senescent Cell,http://purl.obolibrary.org/obo/GO_0090398,process,Immune cell recruitment,http://purl.obolibrary.org/obo/GO_0050900,process,posi
33262144,PMC7706700,Senescence and the SASP: many therapeutic avenues,GAD343129BIRF1,Figure 1.,,https://www.ncbi.nlm.nih.gov/pmc/articles/PMC7706700/figure/GAD343129BIRF1/,https://www.ncbi.nlm.nih.gov/pmc/articles/PMC7706700/bin/1565f01.jpg,Senescent Cell,http://purl.obolibrary.org/obo/GO_0090398,process,Cell fate/differentiation,http://purl.obolibrary.org/obo/GO_0030154,process,posi
33262144,PMC7706700,Senescence and the SASP: many therapeutic avenues,GAD343129BIRF1,Figure 1.,,https://www.ncbi.nlm.nih.gov/pmc/articles/PMC7706700/figure/GAD343129BIRF1/,https://www.ncbi.nlm.nih.gov/pmc/articles/PMC7706700/bin/1565f01.jpg,Senescent Cell,http://purl.obolibrary.org/obo/GO_0090398,process,Cell fate/differentiation,http://purl.obolibrary.org/obo/GO_0045165,process,posi
33262144,PMC7706700,Senescence and the SASP: many therapeutic avenues,GAD343129BIRF1,Figure 1.,,https://www.ncbi.nlm.nih.gov/pmc/articles/PMC7706700/figure/GAD343129BIRF1/,https://www.ncbi.nlm.nih.gov/pmc/articles/PMC7706700/bin/1565f01.jpg,Senescent Cell,http://purl.obolibrary.org/obo/GO_0090398,process,Tumor Promotion,http://purl.bioontology.org/ontology/HOIP/HOIP_0060842,process,nega
33262144,PMC7706700,Senescence and the SASP: many therapeutic avenues,GAD343129BIRF1,Figure 1.,,https://www.ncbi.nlm.nih.gov/pmc/articles/PMC7706700/figure/GAD343129BIRF1/,https://www.ncbi.nlm.nih.gov/pmc/articles/PMC7706700/bin/1565f01.jpg,Senescent Cell,http://purl.obolibrary.org/obo/GO_0090398,process,Tissue dysfunction/Inflammation,http://purl.bioontology.org/ontology/HOIP/HOIP_0039037,process,nega
33262144,PMC7706700,Senescence and the SASP: many therapeutic avenues,GAD343129BIRF1,Figure 1.,,https://www.ncbi.nlm.nih.gov/pmc/articles/PMC7706700/figure/GAD343129BIRF1/,https://www.ncbi.nlm.nih.gov/pmc/articles/PMC7706700/bin/1565f01.jpg,Senescent Cell,http://purl.obolibrary.org/obo/GO_0090398,process,Tissue dysfunction/Inflammation,http://purl.obolibrary.org/obo/GO_0006954,process,nega
33262144,PMC7706700,Senescence and the SASP: many therapeutic avenues,GAD343129BIRF1,Figure 1.,,https://www.ncbi.nlm.nih.gov/pmc/articles/PMC7706700/figure/GAD343129BIRF1/,https://www.ncbi.nlm.nih.gov/pmc/articles/PMC7706700/bin/1565f01.jpg,Senescent Cell,http://purl.obolibrary.org/obo/GO_0090398,process,Immune evasion,http://purl.obolibrary.org/obo/GO_0050900,process,nega
33262144,PMC7706700,Senescence and the SASP: many therapeutic avenues,GAD343129BIRF1,Figure 1.,,https://www.ncbi.nlm.nih.gov/pmc/articles/PMC7706700/figure/GAD343129BIRF1/,https://www.ncbi.nlm.nih.gov/pmc/articles/PMC7706700/bin/1565f01.jpg,Senescent Cell,http://purl.obolibrary.org/obo/GO_0090398,process,Paracrine senescence,http://purl.obolibrary.org/obo/GO_0038001,process,nega
33262144,PMC7706700,Senescence and the SASP: many therapeutic avenues,GAD343129BIRF1,Figure 1.,,https://www.ncbi.nlm.nih.gov/pmc/articles/PMC7706700/figure/GAD343129BIRF1/,https://www.ncbi.nlm.nih.gov/pmc/articles/PMC7706700/bin/1565f01.jpg,Senescent Cell,http://purl.obolibrary.org/obo/GO_0090398,process,Plasticity/Stemness,http://purl.bioontology.org/ontology/HOIP/HOIP_0060836,process,posi
33262144,PMC7706700,Senescence and the SASP: many therapeutic avenues,GAD343129BIRF1,Figure 1.,,https://www.ncbi.nlm.nih.gov/pmc/articles/PMC7706700/figure/GAD343129BIRF1/,https://www.ncbi.nlm.nih.gov/pmc/articles/PMC7706700/bin/1565f01.jpg,Senescent Cell,http://purl.obolibrary.org/obo/GO_0090398,process,Plasticity/Stemness,http://purl.obolibrary.org/obo/GO_0048866,process,posi
34756162,PMC8580479,The right time for senescence,fig1,Figure 1.,The hallmark features of cellular senescence.,https://www.ncbi.nlm.nih.gov/pmc/articles/PMC8580479/figure/fig1/,https://www.ncbi.nlm.nih.gov/pmc/articles/PMC8580479/bin/elife-72449-fig1.jpg,Telomere Erosion,http://purl.bioontology.org/ontology/HOIP/HOIP_0060049,process,cellular senescence*,http://purl.obolibrary.org/obo/GO_0090398,process,posi
34756162,PMC8580479,The right time for senescence,fig1,Figure 1.,The hallmark features of cellular senescence.,https://www.ncbi.nlm.nih.gov/pmc/articles/PMC8580479/figure/fig1/,https://www.ncbi.nlm.nih.gov/pmc/articles/PMC8580479/bin/elife-72449-fig1.jpg,Oncogene activation,http://purl.obolibrary.org/obo/NCIT_C18909,process,cellular senescence*,http://purl.obolibrary.org/obo/GO_0090398,process,posi
34756162,PMC8580479,The right time for senescence,fig1,Figure 1.,The hallmark features of cellular senescence.,https://www.ncbi.nlm.nih.gov/pmc/articles/PMC8580479/figure/fig1/,https://www.ncbi.nlm.nih.gov/pmc/articles/PMC8580479/bin/elife-72449-fig1.jpg,DNA damage,http://purl.obolibrary.org/obo/NCIT_C16507,process,cellular senescence*,http://purl.obolibrary.org/obo/GO_0090398,process,posi
34756162,PMC8580479,The right time for senescence,fig1,Figure 1.,The hallmark features of cellular senescence.,https://www.ncbi.nlm.nih.gov/pmc/articles/PMC8580479/figure/fig1/,https://www.ncbi.nlm.nih.gov/pmc/articles/PMC8580479/bin/elife-72449-fig1.jpg,Oxidative stress,http://purl.obolibrary.org/obo/GO_0006979,process,cellular senescence*,http://purl.obolibrary.org/obo/GO_0090398,process,posi
34756162,PMC8580479,The right time for senescence,fig1,Figure 1.,The hallmark features of cellular senescence.,https://www.ncbi.nlm.nih.gov/pmc/articles/PMC8580479/figure/fig1/,https://www.ncbi.nlm.nih.gov/pmc/articles/PMC8580479/bin/elife-72449-fig1.jpg,Irradiation,http://purl.obolibrary.org/obo/OBI_0302889,process,cellular senescence*,http://purl.obolibrary.org/obo/GO_0090398,process,posi
34756162,PMC8580479,The right time for senescence,fig1,Figure 1.,The hallmark features of cellular senescence.,https://www.ncbi.nlm.nih.gov/pmc/articles/PMC8580479/figure/fig1/,https://www.ncbi.nlm.nih.gov/pmc/articles/PMC8580479/bin/elife-72449-fig1.jpg,Chemotherapy,http://purl.obolibrary.org/obo/NCIT_C15632,process,cellular senescence*,http://purl.obolibrary.org/obo/GO_0090398,process,posi
34756162,PMC8580479,The right time for senescence,fig1,Figure 1.,The hallmark features of cellular senescence.,https://www.ncbi.nlm.nih.gov/pmc/articles/PMC8580479/figure/fig1/,https://www.ncbi.nlm.nih.gov/pmc/articles/PMC8580479/bin/elife-72449-fig1.jpg,iPSC reprogramming,http://purl.bioontology.org/ontology/HOIP/HOIP_0060875,process,cellular senescence*,http://purl.obolibrary.org/obo/GO_0090398,process,posi
34756162,PMC8580479,The right time for senescence,fig1,Figure 1.,The hallmark features of cellular senescence.,https://www.ncbi.nlm.nih.gov/pmc/articles/PMC8580479/figure/fig1/,https://www.ncbi.nlm.nih.gov/pmc/articles/PMC8580479/bin/elife-72449-fig1.jpg,Developmental cues,http://purl.obolibrary.org/obo/GO_0032502,process,cellular senescence*,http://purl.obolibrary.org/obo/GO_0090398,process,posi
34756162,PMC8580479,The right time for senescence,fig1,Figure 1.,The hallmark features of cellular senescence.,https://www.ncbi.nlm.nih.gov/pmc/articles/PMC8580479/figure/fig1/,https://www.ncbi.nlm.nih.gov/pmc/articles/PMC8580479/bin/elife-72449-fig1.jpg,Tissue damage,http://purl.obolibrary.org/obo/NCIT_C50773,process,cellular senescence*,http://purl.obolibrary.org/obo/GO_0090398,process,posi
34756162,PMC8580479,The right time for senescence,fig1,Figure 1.,The hallmark features of cellular senescence.,https://www.ncbi.nlm.nih.gov/pmc/articles/PMC8580479/figure/fig1/,https://www.ncbi.nlm.nih.gov/pmc/articles/PMC8580479/bin/elife-72449-fig1.jpg,cellular senescence*,http://purl.obolibrary.org/obo/GO_0090398,process,permanent cell cycle arrest (G1 or G2),http://purl.obolibrary.org/obo/GO_0007050,process,posi
34756162,PMC8580479,The right time for senescence,fig1,Figure 1.,The hallmark features of cellular senescence.,https://www.ncbi.nlm.nih.gov/pmc/articles/PMC8580479/figure/fig1/,https://www.ncbi.nlm.nih.gov/pmc/articles/PMC8580479/bin/elife-72449-fig1.jpg,cellular senescence*,http://purl.obolibrary.org/obo/GO_0090398,process,Enlarged cell size,http://purl.bioontology.org/ontology/HOIP/HOIP_0060118,process,posi
34756162,PMC8580479,The right time for senescence,fig1,Figure 1.,The hallmark features of cellular senescence.,https://www.ncbi.nlm.nih.gov/pmc/articles/PMC8580479/figure/fig1/,https://www.ncbi.nlm.nih.gov/pmc/articles/PMC8580479/bin/elife-72449-fig1.jpg,BCL-2,http://purl.obolibrary.org/obo/PR_P10415,molecule,Resistance to apoptosis,http://purl.obolibrary.org/obo/GO_0043066,process,posi
34756162,PMC8580479,The right time for senescence,fig1,Figure 1.,The hallmark features of cellular senescence.,https://www.ncbi.nlm.nih.gov/pmc/articles/PMC8580479/figure/fig1/,https://www.ncbi.nlm.nih.gov/pmc/articles/PMC8580479/bin/elife-72449-fig1.jpg,PI3K,http://purl.obolibrary.org/obo/PR_000026439,molecule,Resistance to apoptosis,http://purl.obolibrary.org/obo/GO_0043066,process,posi
34756162,PMC8580479,The right time for senescence,fig1,Figure 1.,The hallmark features of cellular senescence.,https://www.ncbi.nlm.nih.gov/pmc/articles/PMC8580479/figure/fig1/,https://www.ncbi.nlm.nih.gov/pmc/articles/PMC8580479/bin/elife-72449-fig1.jpg,AKT,http://purl.obolibrary.org/obo/PR_P31749,molecule,Resistance to apoptosis,http://purl.obolibrary.org/obo/GO_0043066,process,posi
34756162,PMC8580479,The right time for senescence,fig1,Figure 1.,The hallmark features of cellular senescence.,https://www.ncbi.nlm.nih.gov/pmc/articles/PMC8580479/figure/fig1/,https://www.ncbi.nlm.nih.gov/pmc/articles/PMC8580479/bin/elife-72449-fig1.jpg,p16,http://purl.obolibrary.org/obo/PR_000030011,molecule,Reinforcement of growth arrest,http://purl.obolibrary.org/obo/GO_0045926,process,posi
34756162,PMC8580479,The right time for senescence,fig1,Figure 1.,The hallmark features of cellular senescence.,https://www.ncbi.nlm.nih.gov/pmc/articles/PMC8580479/figure/fig1/,https://www.ncbi.nlm.nih.gov/pmc/articles/PMC8580479/bin/elife-72449-fig1.jpg,p21,http://purl.obolibrary.org/obo/PR_P38936,molecule,Reinforcement of growth arrest,http://purl.obolibrary.org/obo/GO_0045926,process,posi
34756162,PMC8580479,The right time for senescence,fig1,Figure 1.,The hallmark features of cellular senescence.,https://www.ncbi.nlm.nih.gov/pmc/articles/PMC8580479/figure/fig1/,https://www.ncbi.nlm.nih.gov/pmc/articles/PMC8580479/bin/elife-72449-fig1.jpg,p53,http://purl.obolibrary.org/obo/PR_P04637,molecule,Reinforcement of growth arrest,http://purl.obolibrary.org/obo/GO_0045926,process,posi
34756162,PMC8580479,The right time for senescence,fig1,Figure 1.,The hallmark features of cellular senescence.,https://www.ncbi.nlm.nih.gov/pmc/articles/PMC8580479/figure/fig1/,https://www.ncbi.nlm.nih.gov/pmc/articles/PMC8580479/bin/elife-72449-fig1.jpg,p15,http://purl.obolibrary.org/obo/PR_P42772,molecule,Reinforcement of growth arrest,http://purl.obolibrary.org/obo/GO_0045926,process,posi
34756162,PMC8580479,The right time for senescence,fig1,Figure 1.,The hallmark features of cellular senescence.,https://www.ncbi.nlm.nih.gov/pmc/articles/PMC8580479/figure/fig1/,https://www.ncbi.nlm.nih.gov/pmc/articles/PMC8580479/bin/elife-72449-fig1.jpg,p14,http://purl.obolibrary.org/obo/PR_Q8N726,molecule,Reinforcement of growth arrest,http://purl.obolibrary.org/obo/GO_0045926,process,posi
34756162,PMC8580479,The right time for senescence,fig1,Figure 1.,The hallmark features of cellular senescence.,https://www.ncbi.nlm.nih.gov/pmc/articles/PMC8580479/figure/fig1/,https://www.ncbi.nlm.nih.gov/pmc/articles/PMC8580479/bin/elife-72449-fig1.jpg,p27,http://purl.obolibrary.org/obo/PR_P46527,molecule,Reinforcement of growth arrest,http://purl.obolibrary.org/obo/GO_0045926,process,posi
34756162,PMC8580479,The right time for senescence,fig1,Figure 1.,The hallmark features of cellular senescence.,https://www.ncbi.nlm.nih.gov/pmc/articles/PMC8580479/figure/fig1/,https://www.ncbi.nlm.nih.gov/pmc/articles/PMC8580479/bin/elife-72449-fig1.jpg,NF-kB,http://purl.obolibrary.org/obo/GO_0035525,molecule,SASP genes,http://purl.bioontology.org/ontology/HOIP/HOIP_0060820,molecule,posi
34756162,PMC8580479,The right time for senescence,fig1,Figure 1.,The hallmark features of cellular senescence.,https://www.ncbi.nlm.nih.gov/pmc/articles/PMC8580479/figure/fig1/,https://www.ncbi.nlm.nih.gov/pmc/articles/PMC8580479/bin/elife-72449-fig1.jpg,c/EBPβ,http://purl.obolibrary.org/obo/PR_P17676,molecule,SASP genes,http://purl.bioontology.org/ontology/HOIP/HOIP_0060820,molecule,posi
34756162,PMC8580479,The right time for senescence,fig1,Figure 1.,The hallmark features of cellular senescence.,https://www.ncbi.nlm.nih.gov/pmc/articles/PMC8580479/figure/fig1/,https://www.ncbi.nlm.nih.gov/pmc/articles/PMC8580479/bin/elife-72449-fig1.jpg,mTOR,http://purl.obolibrary.org/obo/PR_P42345,molecule,SASP genes,http://purl.bioontology.org/ontology/HOIP/HOIP_0060820,molecule,posi
34756162,PMC8580479,The right time for senescence,fig1,Figure 1.,The hallmark features of cellular senescence.,https://www.ncbi.nlm.nih.gov/pmc/articles/PMC8580479/figure/fig1/,https://www.ncbi.nlm.nih.gov/pmc/articles/PMC8580479/bin/elife-72449-fig1.jpg,ROS,http://purl.obolibrary.org/obo/CHEBI_26523,,SASP,http://purl.bioontology.org/ontology/HOIP/HOIP_0060819,process,posi
34756162,PMC8580479,The right time for senescence,fig1,Figure 1.,The hallmark features of cellular senescence.,https://www.ncbi.nlm.nih.gov/pmc/articles/PMC8580479/figure/fig1/,https://www.ncbi.nlm.nih.gov/pmc/articles/PMC8580479/bin/elife-72449-fig1.jpg,IL-6,http://purl.obolibrary.org/obo/PR_P05231,molecule,Autocrine senescence,http://purl.obolibrary.org/obo/GO_0035425,process,posi
34756162,PMC8580479,The right time for senescence,fig1,Figure 1.,The hallmark features of cellular senescence.,https://www.ncbi.nlm.nih.gov/pmc/articles/PMC8580479/figure/fig1/,https://www.ncbi.nlm.nih.gov/pmc/articles/PMC8580479/bin/elife-72449-fig1.jpg,IL-8,http://purl.obolibrary.org/obo/PR_P10145,molecule,Autocrine senescence,http://purl.obolibrary.org/obo/GO_0035425,process,posi
34756162,PMC8580479,The right time for senescence,fig1,Figure 1.,The hallmark features of cellular senescence.,https://www.ncbi.nlm.nih.gov/pmc/articles/PMC8580479/figure/fig1/,https://www.ncbi.nlm.nih.gov/pmc/articles/PMC8580479/bin/elife-72449-fig1.jpg,Gro-α,http://purl.obolibrary.org/obo/PR_P09341,molecule,Autocrine senescence,http://purl.obolibrary.org/obo/GO_0035425,process,posi
34756162,PMC8580479,The right time for senescence,fig1,Figure 1.,The hallmark features of cellular senescence.,https://www.ncbi.nlm.nih.gov/pmc/articles/PMC8580479/figure/fig1/,https://www.ncbi.nlm.nih.gov/pmc/articles/PMC8580479/bin/elife-72449-fig1.jpg,IGFBP-7, http://purl.obolibrary.org/obo/PR_Q16270,molecule,Autocrine senescence,http://purl.obolibrary.org/obo/GO_0035425,process,posi
34756162,PMC8580479,The right time for senescence,fig1,Figure 1.,The hallmark features of cellular senescence.,https://www.ncbi.nlm.nih.gov/pmc/articles/PMC8580479/figure/fig1/,https://www.ncbi.nlm.nih.gov/pmc/articles/PMC8580479/bin/elife-72449-fig1.jpg,PAI-1,http://purl.obolibrary.org/obo/PR_P05121,molecule,Autocrine senescence,http://purl.obolibrary.org/obo/GO_0035425,process,posi
34756162,PMC8580479,The right time for senescence,fig1,Figure 1.,The hallmark features of cellular senescence.,https://www.ncbi.nlm.nih.gov/pmc/articles/PMC8580479/figure/fig1/,https://www.ncbi.nlm.nih.gov/pmc/articles/PMC8580479/bin/elife-72449-fig1.jpg,ROS,http://purl.obolibrary.org/obo/CHEBI_26523,compound,Paracrine senescence,http://purl.obolibrary.org/obo/GO_0038001,process,posi
34756162,PMC8580479,The right time for senescence,fig1,Figure 1.,The hallmark features of cellular senescence.,https://www.ncbi.nlm.nih.gov/pmc/articles/PMC8580479/figure/fig1/,https://www.ncbi.nlm.nih.gov/pmc/articles/PMC8580479/bin/elife-72449-fig1.jpg,IFN-γ,http://purl.obolibrary.org/obo/PR_P01579,molecule,Paracrine senescence,http://purl.obolibrary.org/obo/GO_0038001,process,posi
34756162,PMC8580479,The right time for senescence,fig1,Figure 1.,The hallmark features of cellular senescence.,https://www.ncbi.nlm.nih.gov/pmc/articles/PMC8580479/figure/fig1/,https://www.ncbi.nlm.nih.gov/pmc/articles/PMC8580479/bin/elife-72449-fig1.jpg,TGF-β,http://purl.obolibrary.org/obo/PR_P01137,molecule,Paracrine senescence,http://purl.obolibrary.org/obo/GO_0038001,process,posi
34756162,PMC8580479,The right time for senescence,fig1,Figure 1.,The hallmark features of cellular senescence.,https://www.ncbi.nlm.nih.gov/pmc/articles/PMC8580479/figure/fig1/,https://www.ncbi.nlm.nih.gov/pmc/articles/PMC8580479/bin/elife-72449-fig1.jpg,IL-1α,http://purl.obolibrary.org/obo/PR_P01583,molecule,Paracrine senescence,http://purl.obolibrary.org/obo/GO_0038001,process,posi
34756162,PMC8580479,The right time for senescence,fig1,Figure 1.,The hallmark features of cellular senescence.,https://www.ncbi.nlm.nih.gov/pmc/articles/PMC8580479/figure/fig1/,https://www.ncbi.nlm.nih.gov/pmc/articles/PMC8580479/bin/elife-72449-fig1.jpg,VEGF,http://purl.obolibrary.org/obo/PR_P15692,molecule,Paracrine senescence,http://purl.obolibrary.org/obo/GO_0038001,process,posi
34756162,PMC8580479,The right time for senescence,fig1,Figure 1.,The hallmark features of cellular senescence.,https://www.ncbi.nlm.nih.gov/pmc/articles/PMC8580479/figure/fig1/,https://www.ncbi.nlm.nih.gov/pmc/articles/PMC8580479/bin/elife-72449-fig1.jpg,CCL2,http://purl.obolibrary.org/obo/PR_P13500,molecule,Paracrine senescence,http://purl.obolibrary.org/obo/GO_0038001,process,posi
34756162,PMC8580479,The right time for senescence,fig1,Figure 1.,The hallmark features of cellular senescence.,https://www.ncbi.nlm.nih.gov/pmc/articles/PMC8580479/figure/fig1/,https://www.ncbi.nlm.nih.gov/pmc/articles/PMC8580479/bin/elife-72449-fig1.jpg,CCL20,http://purl.obolibrary.org/obo/PR_P78556,molecule,Paracrine senescence,http://purl.obolibrary.org/obo/GO_0038001,process,posi
34756162,PMC8580479,The right time for senescence,fig1,Figure 1.,The hallmark features of cellular senescence.,https://www.ncbi.nlm.nih.gov/pmc/articles/PMC8580479/figure/fig1/,https://www.ncbi.nlm.nih.gov/pmc/articles/PMC8580479/bin/elife-72449-fig1.jpg,CCFs,http://purl.bioontology.org/ontology/HOIP/HOIP_0060832,molecule,cGAS,http://purl.obolibrary.org/obo/PR_Q8N884,molecule,posi
34756162,PMC8580479,The right time for senescence,fig1,Figure 1.,The hallmark features of cellular senescence.,https://www.ncbi.nlm.nih.gov/pmc/articles/PMC8580479/figure/fig1/,https://www.ncbi.nlm.nih.gov/pmc/articles/PMC8580479/bin/elife-72449-fig1.jpg,cGAS,http://purl.obolibrary.org/obo/PR_Q8N884,molecule,STING,http://purl.obolibrary.org/obo/PR_Q9H5V9,molecule,posi
34756162,PMC8580479,The right time for senescence,fig1,Figure 1.,The hallmark features of cellular senescence.,https://www.ncbi.nlm.nih.gov/pmc/articles/PMC8580479/figure/fig1/,https://www.ncbi.nlm.nih.gov/pmc/articles/PMC8580479/bin/elife-72449-fig1.jpg,cellular senescence*,http://purl.obolibrary.org/obo/GO_0090398,process,SAHF,http://purl.obolibrary.org/obo/GO_0035985,,posi
34756162,PMC8580479,The right time for senescence,fig1,Figure 1.,The hallmark features of cellular senescence.,https://www.ncbi.nlm.nih.gov/pmc/articles/PMC8580479/figure/fig1/,https://www.ncbi.nlm.nih.gov/pmc/articles/PMC8580479/bin/elife-72449-fig1.jpg,cellular senescence*,http://purl.obolibrary.org/obo/GO_0090398,process,DNA-SCARS,http://purl.bioontology.org/ontology/HOIP/HOIP_0060833,,posi
34756162,PMC8580479,The right time for senescence,fig1,Figure 1.,The hallmark features of cellular senescence.,https://www.ncbi.nlm.nih.gov/pmc/articles/PMC8580479/figure/fig1/,https://www.ncbi.nlm.nih.gov/pmc/articles/PMC8580479/bin/elife-72449-fig1.jpg,cellular senescence*,http://purl.obolibrary.org/obo/GO_0090398,process,LaminB1,http://purl.obolibrary.org/obo/PR_P20700,molecule,nega
34756162,PMC8580479,The right time for senescence,fig1,Figure 1.,The hallmark features of cellular senescence.,https://www.ncbi.nlm.nih.gov/pmc/articles/PMC8580479/figure/fig1/,https://www.ncbi.nlm.nih.gov/pmc/articles/PMC8580479/bin/elife-72449-fig1.jpg,cellular senescence*,http://purl.obolibrary.org/obo/GO_0090398,process,metabolic changes （lysosomal and mitochondrial expansion),http://purl.bioontology.org/ontology/HOIP/HOIP_0002130,process,posi
34756162,PMC8580479,The right time for senescence,fig1,Figure 1.,The hallmark features of cellular senescence.,https://www.ncbi.nlm.nih.gov/pmc/articles/PMC8580479/figure/fig1/,https://www.ncbi.nlm.nih.gov/pmc/articles/PMC8580479/bin/elife-72449-fig1.jpg,cellular senescence*,http://purl.obolibrary.org/obo/GO_0090398,process,SA-β-gal,http://purl.obolibrary.org/obo/PR_P16278,molecule,posi
34756162,PMC8580479,The right time for senescence,fig1,Figure 1.,The hallmark features of cellular senescence.,https://www.ncbi.nlm.nih.gov/pmc/articles/PMC8580479/figure/fig1/,https://www.ncbi.nlm.nih.gov/pmc/articles/PMC8580479/bin/elife-72449-fig1.jpg,cellular senescence*,http://purl.obolibrary.org/obo/GO_0090398,process,Autophagy,http://purl.obolibrary.org/obo/GO_0010506,process,nega
34756162,PMC8580479,The right time for senescence,fig1,Figure 1.,The hallmark features of cellular senescence.,https://www.ncbi.nlm.nih.gov/pmc/articles/PMC8580479/figure/fig1/,https://www.ncbi.nlm.nih.gov/pmc/articles/PMC8580479/bin/elife-72449-fig1.jpg,cellular senescence*,http://purl.obolibrary.org/obo/GO_0090398,process,ROS,http://purl.obolibrary.org/obo/CHEBI_26523,compound,posi
34756162,PMC8580479,The right time for senescence,fig2,Figure 2.,A time-gated model for the senescence-associated secretory phenotype (SASP)-mediated biological activities of cellular senescence.,https://www.ncbi.nlm.nih.gov/pmc/articles/PMC8580479/figure/fig2/,https://www.ncbi.nlm.nih.gov/pmc/articles/PMC8580479/bin/elife-72449-fig2.jpg,SASP,http://purl.bioontology.org/ontology/HOIP/HOIP_0060819,process,Matrix Remodeling,http://purl.obolibrary.org/obo/GO_0030198,process,posi
34756162,PMC8580479,The right time for senescence,fig2,Figure 2.,A time-gated model for the senescence-associated secretory phenotype (SASP)-mediated biological activities of cellular senescence.,https://www.ncbi.nlm.nih.gov/pmc/articles/PMC8580479/figure/fig2/,https://www.ncbi.nlm.nih.gov/pmc/articles/PMC8580479/bin/elife-72449-fig2.jpg,SASP,http://purl.bioontology.org/ontology/HOIP/HOIP_0060819,process,Mitogenic Signals,http://purl.obolibrary.org/obo/GO_0000165,process,posi
34756162,PMC8580479,The right time for senescence,fig2,Figure 2.,A time-gated model for the senescence-associated secretory phenotype (SASP)-mediated biological activities of cellular senescence.,https://www.ncbi.nlm.nih.gov/pmc/articles/PMC8580479/figure/fig2/,https://www.ncbi.nlm.nih.gov/pmc/articles/PMC8580479/bin/elife-72449-fig2.jpg,SASP,http://purl.bioontology.org/ontology/HOIP/HOIP_0060819,process,Clearance Regulation,http://purl.bioontology.org/ontology/HOIP/HOIP_0060838,process,posi
34756162,PMC8580479,The right time for senescence,fig2,Figure 2.,A time-gated model for the senescence-associated secretory phenotype (SASP)-mediated biological activities of cellular senescence.,https://www.ncbi.nlm.nih.gov/pmc/articles/PMC8580479/figure/fig2/,https://www.ncbi.nlm.nih.gov/pmc/articles/PMC8580479/bin/elife-72449-fig2.jpg,SASP,http://purl.bioontology.org/ontology/HOIP/HOIP_0060819,process,Inflammation,http://purl.obolibrary.org/obo/GO_0006954,process,nega
34756162,PMC8580479,The right time for senescence,fig2,Figure 2.,A time-gated model for the senescence-associated secretory phenotype (SASP)-mediated biological activities of cellular senescence.,https://www.ncbi.nlm.nih.gov/pmc/articles/PMC8580479/figure/fig2/,https://www.ncbi.nlm.nih.gov/pmc/articles/PMC8580479/bin/elife-72449-fig2.jpg,SASP,http://purl.bioontology.org/ontology/HOIP/HOIP_0060819,process,Immune Modulation,http://purl.obolibrary.org/obo/GO_0050776,process,posi
34756162,PMC8580479,The right time for senescence,fig2,Figure 2.,A time-gated model for the senescence-associated secretory phenotype (SASP)-mediated biological activities of cellular senescence.,https://www.ncbi.nlm.nih.gov/pmc/articles/PMC8580479/figure/fig2/,https://www.ncbi.nlm.nih.gov/pmc/articles/PMC8580479/bin/elife-72449-fig2.jpg,SASP,http://purl.bioontology.org/ontology/HOIP/HOIP_0060819,process,Cell Proliferation,http://purl.obolibrary.org/obo/GO_0008283,process,posi
34756162,PMC8580479,The right time for senescence,fig2,Figure 2.,A time-gated model for the senescence-associated secretory phenotype (SASP)-mediated biological activities of cellular senescence.,https://www.ncbi.nlm.nih.gov/pmc/articles/PMC8580479/figure/fig2/,https://www.ncbi.nlm.nih.gov/pmc/articles/PMC8580479/bin/elife-72449-fig2.jpg,SASP,http://purl.bioontology.org/ontology/HOIP/HOIP_0060819,process,Cell Migration,http://purl.obolibrary.org/obo/GO_0016477,process,posi
34756162,PMC8580479,The right time for senescence,fig2,Figure 2.,A time-gated model for the senescence-associated secretory phenotype (SASP)-mediated biological activities of cellular senescence.,https://www.ncbi.nlm.nih.gov/pmc/articles/PMC8580479/figure/fig2/,https://www.ncbi.nlm.nih.gov/pmc/articles/PMC8580479/bin/elife-72449-fig2.jpg,SASP,http://purl.bioontology.org/ontology/HOIP/HOIP_0060819,process,Cell Differentiation,http://purl.obolibrary.org/obo/GO_0030154,process,posi
34756162,PMC8580479,The right time for senescence,fig2,Figure 2.,A time-gated model for the senescence-associated secretory phenotype (SASP)-mediated biological activities of cellular senescence.,https://www.ncbi.nlm.nih.gov/pmc/articles/PMC8580479/figure/fig2/,https://www.ncbi.nlm.nih.gov/pmc/articles/PMC8580479/bin/elife-72449-fig2.jpg,SASP,http://purl.bioontology.org/ontology/HOIP/HOIP_0060819,process,Cell Plasticity,http://purl.bioontology.org/ontology/HOIP/HOIP_0060836,process,posi
34756162,PMC8580479,The right time for senescence,fig2,Figure 2.,A time-gated model for the senescence-associated secretory phenotype (SASP)-mediated biological activities of cellular senescence.,https://www.ncbi.nlm.nih.gov/pmc/articles/PMC8580479/figure/fig2/,https://www.ncbi.nlm.nih.gov/pmc/articles/PMC8580479/bin/elife-72449-fig2.jpg,SASP,http://purl.bioontology.org/ontology/HOIP/HOIP_0060819,process,Vascularization,http://purl.bioontology.org/ontology/HOIP/HOIP_0005046,process,posi
34756162,PMC8580479,The right time for senescence,fig2,Figure 2.,A time-gated model for the senescence-associated secretory phenotype (SASP)-mediated biological activities of cellular senescence.,https://www.ncbi.nlm.nih.gov/pmc/articles/PMC8580479/figure/fig2/,https://www.ncbi.nlm.nih.gov/pmc/articles/PMC8580479/bin/elife-72449-fig2.jpg,Persistent SASP,http://purl.bioontology.org/ontology/HOIP/HOIP_0060819,process,Pro-fibrotic,http://purl.obolibrary.org/obo/MPATH_181,process,nega
34756162,PMC8580479,The right time for senescence,fig2,Figure 2.,A time-gated model for the senescence-associated secretory phenotype (SASP)-mediated biological activities of cellular senescence.,https://www.ncbi.nlm.nih.gov/pmc/articles/PMC8580479/figure/fig2/,https://www.ncbi.nlm.nih.gov/pmc/articles/PMC8580479/bin/elife-72449-fig2.jpg,Persistent SASP,http://purl.bioontology.org/ontology/HOIP/HOIP_0060819,process,Pro-Inflammatory,http://purl.obolibrary.org/obo/GO_0050729,process,nega
34756162,PMC8580479,The right time for senescence,fig2,Figure 2.,A time-gated model for the senescence-associated secretory phenotype (SASP)-mediated biological activities of cellular senescence.,https://www.ncbi.nlm.nih.gov/pmc/articles/PMC8580479/figure/fig2/,https://www.ncbi.nlm.nih.gov/pmc/articles/PMC8580479/bin/elife-72449-fig2.jpg,Persistent SASP,http://purl.bioontology.org/ontology/HOIP/HOIP_0060819,process,SC Accumulation,http://purl.bioontology.org/ontology/HOIP/HOIP_0060125,process,nega
34756162,PMC8580479,The right time for senescence,fig2,Figure 2.,A time-gated model for the senescence-associated secretory phenotype (SASP)-mediated biological activities of cellular senescence.,https://www.ncbi.nlm.nih.gov/pmc/articles/PMC8580479/figure/fig2/,https://www.ncbi.nlm.nih.gov/pmc/articles/PMC8580479/bin/elife-72449-fig2.jpg,Persistent SASP,http://purl.bioontology.org/ontology/HOIP/HOIP_0060819,process,Stem Cell Exhaustion,http://purl.bioontology.org/ontology/HOIP/HOIP_0060095,process,nega
34756162,PMC8580479,The right time for senescence,fig2,Figure 2.,A time-gated model for the senescence-associated secretory phenotype (SASP)-mediated biological activities of cellular senescence.,https://www.ncbi.nlm.nih.gov/pmc/articles/PMC8580479/figure/fig2/,https://www.ncbi.nlm.nih.gov/pmc/articles/PMC8580479/bin/elife-72449-fig2.jpg,Persistent SASP,http://purl.bioontology.org/ontology/HOIP/HOIP_0060819,process,Tissue Dysfunction,http://purl.bioontology.org/ontology/HOIP/HOIP_0039037,process,nega
34756162,PMC8580479,The right time for senescence,fig2,Figure 2.,A time-gated model for the senescence-associated secretory phenotype (SASP)-mediated biological activities of cellular senescence.,https://www.ncbi.nlm.nih.gov/pmc/articles/PMC8580479/figure/fig2/,https://www.ncbi.nlm.nih.gov/pmc/articles/PMC8580479/bin/elife-72449-fig2.jpg,transient SASP,http://purl.bioontology.org/ontology/HOIP/HOIP_0060819,process,Anti-fibrotic,http://purl.obolibrary.org/obo/MPATH_181,process,posi
34756162,PMC8580479,The right time for senescence,fig2,Figure 2.,A time-gated model for the senescence-associated secretory phenotype (SASP)-mediated biological activities of cellular senescence.,https://www.ncbi.nlm.nih.gov/pmc/articles/PMC8580479/figure/fig2/,https://www.ncbi.nlm.nih.gov/pmc/articles/PMC8580479/bin/elife-72449-fig2.jpg,transient SASP,http://purl.bioontology.org/ontology/HOIP/HOIP_0060819,process,Anti-Inflammatory,http://purl.obolibrary.org/obo/GO_0050728,process,posi
34756162,PMC8580479,The right time for senescence,fig2,Figure 2.,A time-gated model for the senescence-associated secretory phenotype (SASP)-mediated biological activities of cellular senescence.,https://www.ncbi.nlm.nih.gov/pmc/articles/PMC8580479/figure/fig2/,https://www.ncbi.nlm.nih.gov/pmc/articles/PMC8580479/bin/elife-72449-fig2.jpg,transient SASP,http://purl.bioontology.org/ontology/HOIP/HOIP_0060819,process,SC clearance,http://purl.bioontology.org/ontology/HOIP/HOIP_0060246,process,posi
34756162,PMC8580479,The right time for senescence,fig2,Figure 2.,A time-gated model for the senescence-associated secretory phenotype (SASP)-mediated biological activities of cellular senescence.,https://www.ncbi.nlm.nih.gov/pmc/articles/PMC8580479/figure/fig2/,https://www.ncbi.nlm.nih.gov/pmc/articles/PMC8580479/bin/elife-72449-fig2.jpg,transient SASP,http://purl.bioontology.org/ontology/HOIP/HOIP_0060819,process,Tissue Patterning,http://purl.obolibrary.org/obo/GO_0007389,process,posi
34756162,PMC8580479,The right time for senescence,fig2,Figure 2.,A time-gated model for the senescence-associated secretory phenotype (SASP)-mediated biological activities of cellular senescence.,https://www.ncbi.nlm.nih.gov/pmc/articles/PMC8580479/figure/fig2/,https://www.ncbi.nlm.nih.gov/pmc/articles/PMC8580479/bin/elife-72449-fig2.jpg,transient SASP,http://purl.bioontology.org/ontology/HOIP/HOIP_0060819,process,Development,http://purl.obolibrary.org/obo/GO_0032502,process,posi
34756162,PMC8580479,The right time for senescence,fig2,Figure 2.,A time-gated model for the senescence-associated secretory phenotype (SASP)-mediated biological activities of cellular senescence.,https://www.ncbi.nlm.nih.gov/pmc/articles/PMC8580479/figure/fig2/,https://www.ncbi.nlm.nih.gov/pmc/articles/PMC8580479/bin/elife-72449-fig2.jpg,transient SASP,http://purl.bioontology.org/ontology/HOIP/HOIP_0060819,process,Repair,http://purl.bioontology.org/ontology/HOIP/HOIP_0060170,process,posi
34756162,PMC8580479,The right time for senescence,fig2,Figure 2.,A time-gated model for the senescence-associated secretory phenotype (SASP)-mediated biological activities of cellular senescence.,https://www.ncbi.nlm.nih.gov/pmc/articles/PMC8580479/figure/fig2/,https://www.ncbi.nlm.nih.gov/pmc/articles/PMC8580479/bin/elife-72449-fig2.jpg,transient SASP,http://purl.bioontology.org/ontology/HOIP/HOIP_0060819,process,Regeneration,http://purl.obolibrary.org/obo/GO_0042246,process,posi
34756162,PMC8580479,The right time for senescence,fig2,Figure 2.,A time-gated model for the senescence-associated secretory phenotype (SASP)-mediated biological activities of cellular senescence.,https://www.ncbi.nlm.nih.gov/pmc/articles/PMC8580479/figure/fig2/,https://www.ncbi.nlm.nih.gov/pmc/articles/PMC8580479/bin/elife-72449-fig2.jpg,transient SASP,http://purl.bioontology.org/ontology/HOIP/HOIP_0060819,process,Tumour Suppression,http://purl.bioontology.org/ontology/HOIP/HOIP_0060841,process,posi
34756162,PMC8580479,The right time for senescence,fig2,Figure 2.,A time-gated model for the senescence-associated secretory phenotype (SASP)-mediated biological activities of cellular senescence.,https://www.ncbi.nlm.nih.gov/pmc/articles/PMC8580479/figure/fig2/,https://www.ncbi.nlm.nih.gov/pmc/articles/PMC8580479/bin/elife-72449-fig2.jpg,Persistent SASP,http://purl.bioontology.org/ontology/HOIP/HOIP_0060819,process,Tumour Progression,http://purl.obolibrary.org/obo/NCIT_C17609,process,nega
34756162,PMC8580479,The right time for senescence,fig2,Figure 2.,A time-gated model for the senescence-associated secretory phenotype (SASP)-mediated biological activities of cellular senescence.,https://www.ncbi.nlm.nih.gov/pmc/articles/PMC8580479/figure/fig2/,https://www.ncbi.nlm.nih.gov/pmc/articles/PMC8580479/bin/elife-72449-fig2.jpg,Persistent SASP,http://purl.bioontology.org/ontology/HOIP/HOIP_0060819,process,Chronic Inflammation,http://purl.obolibrary.org/obo/GO_0006954,process,nega
34756162,PMC8580479,The right time for senescence,fig2,Figure 2.,A time-gated model for the senescence-associated secretory phenotype (SASP)-mediated biological activities of cellular senescence.,https://www.ncbi.nlm.nih.gov/pmc/articles/PMC8580479/figure/fig2/,https://www.ncbi.nlm.nih.gov/pmc/articles/PMC8580479/bin/elife-72449-fig2.jpg,Persistent SASP,http://purl.bioontology.org/ontology/HOIP/HOIP_0060819,process,Age related diseases,http://purl.bioontology.org/ontology/HOIP/HOIP_0060002,disease,nega
35922662,PMC9362342,"Cellular senescence: the good, the bad and the unknown",Fig1,Fig. 1,Mechanisms of cellular senescence and the SASP.,https://www.ncbi.nlm.nih.gov/pmc/articles/PMC9362342/figure/Fig1/,https://www.ncbi.nlm.nih.gov/pmc/articles/PMC9362342/bin/41581_2022_601_Fig1_HTML.jpg,Excessive calorie intake,http://purl.obolibrary.org/obo/GO_0002021,process,ROS,http://purl.obolibrary.org/obo/CHEBI_26523,compound,posi
35922662,PMC9362342,"Cellular senescence: the good, the bad and the unknown",Fig1,Fig. 1,Mechanisms of cellular senescence and the SASP.,https://www.ncbi.nlm.nih.gov/pmc/articles/PMC9362342/figure/Fig1/,https://www.ncbi.nlm.nih.gov/pmc/articles/PMC9362342/bin/41581_2022_601_Fig1_HTML.jpg,Carcinogen,http://purl.obolibrary.org/obo/NCIT_C347,molecule,ROS,http://purl.obolibrary.org/obo/CHEBI_26523,compound,posi
35922662,PMC9362342,"Cellular senescence: the good, the bad and the unknown",Fig1,Fig. 1,Mechanisms of cellular senescence and the SASP.,https://www.ncbi.nlm.nih.gov/pmc/articles/PMC9362342/figure/Fig1/,https://www.ncbi.nlm.nih.gov/pmc/articles/PMC9362342/bin/41581_2022_601_Fig1_HTML.jpg,ROS,http://purl.obolibrary.org/obo/CHEBI_26523,compound,p38MAPK,http://purl.obolibrary.org/obo/PR_000003106,molecule,posi
35922662,PMC9362342,"Cellular senescence: the good, the bad and the unknown",Fig1,Fig. 1,Mechanisms of cellular senescence and the SASP.,https://www.ncbi.nlm.nih.gov/pmc/articles/PMC9362342/figure/Fig1/,https://www.ncbi.nlm.nih.gov/pmc/articles/PMC9362342/bin/41581_2022_601_Fig1_HTML.jpg,p38MAPK,http://purl.obolibrary.org/obo/PR_000003106,molecule,ETS2,http://purl.obolibrary.org/obo/PR_P15036,molecule,posi
35922662,PMC9362342,"Cellular senescence: the good, the bad and the unknown",Fig1,Fig. 1,Mechanisms of cellular senescence and the SASP.,https://www.ncbi.nlm.nih.gov/pmc/articles/PMC9362342/figure/Fig1/,https://www.ncbi.nlm.nih.gov/pmc/articles/PMC9362342/bin/41581_2022_601_Fig1_HTML.jpg,ETS2,http://purl.obolibrary.org/obo/PR_P15036,molecule,p16,http://purl.obolibrary.org/obo/PR_000030011,molecule,posi
35922662,PMC9362342,"Cellular senescence: the good, the bad and the unknown",Fig1,Fig. 1,Mechanisms of cellular senescence and the SASP.,https://www.ncbi.nlm.nih.gov/pmc/articles/PMC9362342/figure/Fig1/,https://www.ncbi.nlm.nih.gov/pmc/articles/PMC9362342/bin/41581_2022_601_Fig1_HTML.jpg,Radiation,http://purl.obolibrary.org/obo/ENVO_01001023,process,ROS,http://purl.obolibrary.org/obo/CHEBI_26523,compound,posi
35922662,PMC9362342,"Cellular senescence: the good, the bad and the unknown",Fig1,Fig. 1,Mechanisms of cellular senescence and the SASP.,https://www.ncbi.nlm.nih.gov/pmc/articles/PMC9362342/figure/Fig1/,https://www.ncbi.nlm.nih.gov/pmc/articles/PMC9362342/bin/41581_2022_601_Fig1_HTML.jpg,Chemical agents,http://purl.obolibrary.org/obo/CHEBI_59999,compound,ROS,http://purl.obolibrary.org/obo/CHEBI_26523,compound,posi
35922662,PMC9362342,"Cellular senescence: the good, the bad and the unknown",Fig1,Fig. 1,Mechanisms of cellular senescence and the SASP.,https://www.ncbi.nlm.nih.gov/pmc/articles/PMC9362342/figure/Fig1/,https://www.ncbi.nlm.nih.gov/pmc/articles/PMC9362342/bin/41581_2022_601_Fig1_HTML.jpg,Impaired mitophagy,http://purl.bioontology.org/ontology/HOIP/HOIP_0060848,process,Accumulation of damaged mitochondria,http://purl.bioontology.org/ontology/HOIP/HOIP_0060849,process,posi
35922662,PMC9362342,"Cellular senescence: the good, the bad and the unknown",Fig1,Fig. 1,Mechanisms of cellular senescence and the SASP.,https://www.ncbi.nlm.nih.gov/pmc/articles/PMC9362342/figure/Fig1/,https://www.ncbi.nlm.nih.gov/pmc/articles/PMC9362342/bin/41581_2022_601_Fig1_HTML.jpg,Accumulation of damaged mitochondria,http://purl.bioontology.org/ontology/HOIP/HOIP_0060849,process,ROS,http://purl.obolibrary.org/obo/CHEBI_26523,compound,posi
35922662,PMC9362342,"Cellular senescence: the good, the bad and the unknown",Fig1,Fig. 1,Mechanisms of cellular senescence and the SASP.,https://www.ncbi.nlm.nih.gov/pmc/articles/PMC9362342/figure/Fig1/,https://www.ncbi.nlm.nih.gov/pmc/articles/PMC9362342/bin/41581_2022_601_Fig1_HTML.jpg,ROS,http://purl.obolibrary.org/obo/CHEBI_26523,compound,DNA damage,http://purl.obolibrary.org/obo/NCIT_C16507,process,posi
35922662,PMC9362342,"Cellular senescence: the good, the bad and the unknown",Fig1,Fig. 1,Mechanisms of cellular senescence and the SASP.,https://www.ncbi.nlm.nih.gov/pmc/articles/PMC9362342/figure/Fig1/,https://www.ncbi.nlm.nih.gov/pmc/articles/PMC9362342/bin/41581_2022_601_Fig1_HTML.jpg,ROS,http://purl.obolibrary.org/obo/CHEBI_26523,compound,NAD+,http://purl.obolibrary.org/obo/CHEBI_15846,compound,nega
35922662,PMC9362342,"Cellular senescence: the good, the bad and the unknown",Fig1,Fig. 1,Mechanisms of cellular senescence and the SASP.,https://www.ncbi.nlm.nih.gov/pmc/articles/PMC9362342/figure/Fig1/,https://www.ncbi.nlm.nih.gov/pmc/articles/PMC9362342/bin/41581_2022_601_Fig1_HTML.jpg,ROS,http://purl.obolibrary.org/obo/CHEBI_26523,compound,ERK,http://purl.obolibrary.org/obo/PR_P28482,molecule,posi
35922662,PMC9362342,"Cellular senescence: the good, the bad and the unknown",Fig1,Fig. 1,Mechanisms of cellular senescence and the SASP.,https://www.ncbi.nlm.nih.gov/pmc/articles/PMC9362342/figure/Fig1/,https://www.ncbi.nlm.nih.gov/pmc/articles/PMC9362342/bin/41581_2022_601_Fig1_HTML.jpg,ROS,http://purl.obolibrary.org/obo/CHEBI_26523,compound,ERK,http://purl.obolibrary.org/obo/PR_P27361,molecule,posi
35922662,PMC9362342,"Cellular senescence: the good, the bad and the unknown",Fig1,Fig. 1,Mechanisms of cellular senescence and the SASP.,https://www.ncbi.nlm.nih.gov/pmc/articles/PMC9362342/figure/Fig1/,https://www.ncbi.nlm.nih.gov/pmc/articles/PMC9362342/bin/41581_2022_601_Fig1_HTML.jpg,ERK,http://purl.obolibrary.org/obo/PR_P28482,molecule,BMI1,http://purl.obolibrary.org/obo/PR_P35226,molecule,nega
35922662,PMC9362342,"Cellular senescence: the good, the bad and the unknown",Fig1,Fig. 1,Mechanisms of cellular senescence and the SASP.,https://www.ncbi.nlm.nih.gov/pmc/articles/PMC9362342/figure/Fig1/,https://www.ncbi.nlm.nih.gov/pmc/articles/PMC9362342/bin/41581_2022_601_Fig1_HTML.jpg,ERK,http://purl.obolibrary.org/obo/PR_P27361,molecule,BMI1,http://purl.obolibrary.org/obo/PR_P35226,molecule,nega
35922662,PMC9362342,"Cellular senescence: the good, the bad and the unknown",Fig1,Fig. 1,Mechanisms of cellular senescence and the SASP.,https://www.ncbi.nlm.nih.gov/pmc/articles/PMC9362342/figure/Fig1/,https://www.ncbi.nlm.nih.gov/pmc/articles/PMC9362342/bin/41581_2022_601_Fig1_HTML.jpg,BMI1,http://purl.obolibrary.org/obo/PR_P35226,molecule,p16,http://purl.obolibrary.org/obo/PR_000030011,molecule,nega
35922662,PMC9362342,"Cellular senescence: the good, the bad and the unknown",Fig1,Fig. 1,Mechanisms of cellular senescence and the SASP.,https://www.ncbi.nlm.nih.gov/pmc/articles/PMC9362342/figure/Fig1/,https://www.ncbi.nlm.nih.gov/pmc/articles/PMC9362342/bin/41581_2022_601_Fig1_HTML.jpg,p16,http://purl.obolibrary.org/obo/PR_000030011,molecule,CDK4/6-cyclinD,http://purl.obolibrary.org/obo/GO_0097128,molecule,nega
35922662,PMC9362342,"Cellular senescence: the good, the bad and the unknown",Fig1,Fig. 1,Mechanisms of cellular senescence and the SASP.,https://www.ncbi.nlm.nih.gov/pmc/articles/PMC9362342/figure/Fig1/,https://www.ncbi.nlm.nih.gov/pmc/articles/PMC9362342/bin/41581_2022_601_Fig1_HTML.jpg,p16,http://purl.obolibrary.org/obo/PR_000030011,molecule,CDK4/6-cyclinD,http://purl.obolibrary.org/obo/GO_0097131,molecule,nega
35922662,PMC9362342,"Cellular senescence: the good, the bad and the unknown",Fig1,Fig. 1,Mechanisms of cellular senescence and the SASP.,https://www.ncbi.nlm.nih.gov/pmc/articles/PMC9362342/figure/Fig1/,https://www.ncbi.nlm.nih.gov/pmc/articles/PMC9362342/bin/41581_2022_601_Fig1_HTML.jpg,CDK4/6-cyclinD,http://purl.obolibrary.org/obo/GO_0097128,molecule,Rb-E2F complex,http://purl.obolibrary.org/obo/GO_0035189,molecule,nega
35922662,PMC9362342,"Cellular senescence: the good, the bad and the unknown",Fig1,Fig. 1,Mechanisms of cellular senescence and the SASP.,https://www.ncbi.nlm.nih.gov/pmc/articles/PMC9362342/figure/Fig1/,https://www.ncbi.nlm.nih.gov/pmc/articles/PMC9362342/bin/41581_2022_601_Fig1_HTML.jpg,CDK4/6-cyclinD,http://purl.obolibrary.org/obo/GO_0097131,molecule,Rb-E2F complex,http://purl.obolibrary.org/obo/GO_0035189,molecule,nega
35922662,PMC9362342,"Cellular senescence: the good, the bad and the unknown",Fig1,Fig. 1,Mechanisms of cellular senescence and the SASP.,https://www.ncbi.nlm.nih.gov/pmc/articles/PMC9362342/figure/Fig1/,https://www.ncbi.nlm.nih.gov/pmc/articles/PMC9362342/bin/41581_2022_601_Fig1_HTML.jpg,Rb-E2F complex,http://purl.obolibrary.org/obo/GO_0035189,molecule,Cell-cycle genes,http://purl.bioontology.org/ontology/HOIP/HOIP_0060858,molecule,nega
35922662,PMC9362342,"Cellular senescence: the good, the bad and the unknown",Fig1,Fig. 1,Mechanisms of cellular senescence and the SASP.,https://www.ncbi.nlm.nih.gov/pmc/articles/PMC9362342/figure/Fig1/,https://www.ncbi.nlm.nih.gov/pmc/articles/PMC9362342/bin/41581_2022_601_Fig1_HTML.jpg,ROS,http://purl.obolibrary.org/obo/CHEBI_26523,compound,p38MAPK,http://purl.obolibrary.org/obo/PR_000003106,molecule,posi
35922662,PMC9362342,"Cellular senescence: the good, the bad and the unknown",Fig1,Fig. 1,Mechanisms of cellular senescence and the SASP.,https://www.ncbi.nlm.nih.gov/pmc/articles/PMC9362342/figure/Fig1/,https://www.ncbi.nlm.nih.gov/pmc/articles/PMC9362342/bin/41581_2022_601_Fig1_HTML.jpg,NAD+,http://purl.obolibrary.org/obo/CHEBI_15846,compound,Sirtuin 1,http://purl.obolibrary.org/obo/PR_Q96EB6,molecule,nega
35922662,PMC9362342,"Cellular senescence: the good, the bad and the unknown",Fig1,Fig. 1,Mechanisms of cellular senescence and the SASP.,https://www.ncbi.nlm.nih.gov/pmc/articles/PMC9362342/figure/Fig1/,https://www.ncbi.nlm.nih.gov/pmc/articles/PMC9362342/bin/41581_2022_601_Fig1_HTML.jpg,Sirtuin 1,http://purl.obolibrary.org/obo/PR_Q96EB6,molecule,FOXO3,http://purl.obolibrary.org/obo/PR_O43524,molecule,posi
35922662,PMC9362342,"Cellular senescence: the good, the bad and the unknown",Fig1,Fig. 1,Mechanisms of cellular senescence and the SASP.,https://www.ncbi.nlm.nih.gov/pmc/articles/PMC9362342/figure/Fig1/,https://www.ncbi.nlm.nih.gov/pmc/articles/PMC9362342/bin/41581_2022_601_Fig1_HTML.jpg,FOXO3,http://purl.obolibrary.org/obo/PR_O43524,molecule,p53,http://purl.obolibrary.org/obo/PR_P04637,molecule,posi
35922662,PMC9362342,"Cellular senescence: the good, the bad and the unknown",Fig1,Fig. 1,Mechanisms of cellular senescence and the SASP.,https://www.ncbi.nlm.nih.gov/pmc/articles/PMC9362342/figure/Fig1/,https://www.ncbi.nlm.nih.gov/pmc/articles/PMC9362342/bin/41581_2022_601_Fig1_HTML.jpg,ERK,http://purl.obolibrary.org/obo/PR_P27361,molecule,p90,http://purl.obolibrary.org/obo/PR_Q15418,molecule,posi
35922662,PMC9362342,"Cellular senescence: the good, the bad and the unknown",Fig1,Fig. 1,Mechanisms of cellular senescence and the SASP.,https://www.ncbi.nlm.nih.gov/pmc/articles/PMC9362342/figure/Fig1/,https://www.ncbi.nlm.nih.gov/pmc/articles/PMC9362342/bin/41581_2022_601_Fig1_HTML.jpg,ERK,http://purl.obolibrary.org/obo/PR_P27361,molecule,p90,http://purl.obolibrary.org/obo/PR_Q15418,molecule,posi
35922662,PMC9362342,"Cellular senescence: the good, the bad and the unknown",Fig1,Fig. 1,Mechanisms of cellular senescence and the SASP.,https://www.ncbi.nlm.nih.gov/pmc/articles/PMC9362342/figure/Fig1/,https://www.ncbi.nlm.nih.gov/pmc/articles/PMC9362342/bin/41581_2022_601_Fig1_HTML.jpg,p90,http://purl.obolibrary.org/obo/PR_Q15418,molecule,c/EBPβ,http://purl.obolibrary.org/obo/PR_P17676,molecule,posi
35922662,PMC9362342,"Cellular senescence: the good, the bad and the unknown",Fig1,Fig. 1,Mechanisms of cellular senescence and the SASP.,https://www.ncbi.nlm.nih.gov/pmc/articles/PMC9362342/figure/Fig1/,https://www.ncbi.nlm.nih.gov/pmc/articles/PMC9362342/bin/41581_2022_601_Fig1_HTML.jpg,Carcinogen,http://purl.obolibrary.org/obo/NCIT_C347,molecule,Tumour suppressor gene,http://purl.bioontology.org/ontology/HOIP/HOIP_0060872,molecule,nega
35922662,PMC9362342,"Cellular senescence: the good, the bad and the unknown",Fig1,Fig. 1,Mechanisms of cellular senescence and the SASP.,https://www.ncbi.nlm.nih.gov/pmc/articles/PMC9362342/figure/Fig1/,https://www.ncbi.nlm.nih.gov/pmc/articles/PMC9362342/bin/41581_2022_601_Fig1_HTML.jpg,Tumour suppressor gene,http://purl.bioontology.org/ontology/HOIP/HOIP_0060872,molecule,AKT,http://purl.obolibrary.org/obo/PR_P31749,molecule,posi
35922662,PMC9362342,"Cellular senescence: the good, the bad and the unknown",Fig1,Fig. 1,Mechanisms of cellular senescence and the SASP.,https://www.ncbi.nlm.nih.gov/pmc/articles/PMC9362342/figure/Fig1/,https://www.ncbi.nlm.nih.gov/pmc/articles/PMC9362342/bin/41581_2022_601_Fig1_HTML.jpg,AKT,http://purl.obolibrary.org/obo/PR_P31749,molecule,mTOR,http://purl.obolibrary.org/obo/PR_P42345,molecule,posi
35922662,PMC9362342,"Cellular senescence: the good, the bad and the unknown",Fig1,Fig. 1,Mechanisms of cellular senescence and the SASP.,https://www.ncbi.nlm.nih.gov/pmc/articles/PMC9362342/figure/Fig1/,https://www.ncbi.nlm.nih.gov/pmc/articles/PMC9362342/bin/41581_2022_601_Fig1_HTML.jpg,mTOR,http://purl.obolibrary.org/obo/PR_P42345,molecule,p53,http://purl.obolibrary.org/obo/PR_P04637,molecule,posi
35922662,PMC9362342,"Cellular senescence: the good, the bad and the unknown",Fig1,Fig. 1,Mechanisms of cellular senescence and the SASP.,https://www.ncbi.nlm.nih.gov/pmc/articles/PMC9362342/figure/Fig1/,https://www.ncbi.nlm.nih.gov/pmc/articles/PMC9362342/bin/41581_2022_601_Fig1_HTML.jpg,Carcinogen,http://purl.obolibrary.org/obo/NCIT_C347,molecule,Oncogene,http://purl.obolibrary.org/obo/NCIT_C16936,molecule,posi
35922662,PMC9362342,"Cellular senescence: the good, the bad and the unknown",Fig1,Fig. 1,Mechanisms of cellular senescence and the SASP.,https://www.ncbi.nlm.nih.gov/pmc/articles/PMC9362342/figure/Fig1/,https://www.ncbi.nlm.nih.gov/pmc/articles/PMC9362342/bin/41581_2022_601_Fig1_HTML.jpg,Oncogene,http://purl.obolibrary.org/obo/NCIT_C16936,molecule,RAS,http://purl.obolibrary.org/obo/PR_P01116,molecule,posi
35922662,PMC9362342,"Cellular senescence: the good, the bad and the unknown",Fig1,Fig. 1,Mechanisms of cellular senescence and the SASP.,https://www.ncbi.nlm.nih.gov/pmc/articles/PMC9362342/figure/Fig1/,https://www.ncbi.nlm.nih.gov/pmc/articles/PMC9362342/bin/41581_2022_601_Fig1_HTML.jpg,Oncogene,http://purl.obolibrary.org/obo/NCIT_C16936,molecule,ARF,http://purl.obolibrary.org/obo/PR_Q8N726,molecule,posi
35922662,PMC9362342,"Cellular senescence: the good, the bad and the unknown",Fig1,Fig. 1,Mechanisms of cellular senescence and the SASP.,https://www.ncbi.nlm.nih.gov/pmc/articles/PMC9362342/figure/Fig1/,https://www.ncbi.nlm.nih.gov/pmc/articles/PMC9362342/bin/41581_2022_601_Fig1_HTML.jpg,RAS,http://purl.obolibrary.org/obo/PR_P01116,molecule,ERK,http://purl.obolibrary.org/obo/PR_P28482,molecule,posi
35922662,PMC9362342,"Cellular senescence: the good, the bad and the unknown",Fig1,Fig. 1,Mechanisms of cellular senescence and the SASP.,https://www.ncbi.nlm.nih.gov/pmc/articles/PMC9362342/figure/Fig1/,https://www.ncbi.nlm.nih.gov/pmc/articles/PMC9362342/bin/41581_2022_601_Fig1_HTML.jpg,RAS,http://purl.obolibrary.org/obo/PR_P01116,molecule,ERK,http://purl.obolibrary.org/obo/PR_P28482,molecule,posi
35922662,PMC9362342,"Cellular senescence: the good, the bad and the unknown",Fig1,Fig. 1,Mechanisms of cellular senescence and the SASP.,https://www.ncbi.nlm.nih.gov/pmc/articles/PMC9362342/figure/Fig1/,https://www.ncbi.nlm.nih.gov/pmc/articles/PMC9362342/bin/41581_2022_601_Fig1_HTML.jpg,ARF,http://purl.obolibrary.org/obo/PR_Q8N726,molecule,MDM2,http://purl.obolibrary.org/obo/PR_Q00987,molecule,posi
35922662,PMC9362342,"Cellular senescence: the good, the bad and the unknown",Fig1,Fig. 1,Mechanisms of cellular senescence and the SASP.,https://www.ncbi.nlm.nih.gov/pmc/articles/PMC9362342/figure/Fig1/,https://www.ncbi.nlm.nih.gov/pmc/articles/PMC9362342/bin/41581_2022_601_Fig1_HTML.jpg,MDM2,http://purl.obolibrary.org/obo/PR_Q00987,molecule,p53,http://purl.obolibrary.org/obo/PR_P04637,molecule,nega
35922662,PMC9362342,"Cellular senescence: the good, the bad and the unknown",Fig1,Fig. 1,Mechanisms of cellular senescence and the SASP.,https://www.ncbi.nlm.nih.gov/pmc/articles/PMC9362342/figure/Fig1/,https://www.ncbi.nlm.nih.gov/pmc/articles/PMC9362342/bin/41581_2022_601_Fig1_HTML.jpg,α-Klotho,http://purl.obolibrary.org/obo/PR_Q9UEF7,molecule,p53,http://purl.obolibrary.org/obo/PR_P04637,molecule,posi
35922662,PMC9362342,"Cellular senescence: the good, the bad and the unknown",Fig1,Fig. 1,Mechanisms of cellular senescence and the SASP.,https://www.ncbi.nlm.nih.gov/pmc/articles/PMC9362342/figure/Fig1/,https://www.ncbi.nlm.nih.gov/pmc/articles/PMC9362342/bin/41581_2022_601_Fig1_HTML.jpg,MBP1,http://purl.obolibrary.org/obo/PR_P11226,molecule,p53,http://purl.obolibrary.org/obo/PR_P04637,molecule,posi
35922662,PMC9362342,"Cellular senescence: the good, the bad and the unknown",Fig1,Fig. 1,Mechanisms of cellular senescence and the SASP.,https://www.ncbi.nlm.nih.gov/pmc/articles/PMC9362342/figure/Fig1/,https://www.ncbi.nlm.nih.gov/pmc/articles/PMC9362342/bin/41581_2022_601_Fig1_HTML.jpg,p300,http://purl.obolibrary.org/obo/PR_Q09472,molecule,p53,http://purl.obolibrary.org/obo/PR_P04637,molecule,posi
35922662,PMC9362342,"Cellular senescence: the good, the bad and the unknown",Fig1,Fig. 1,Mechanisms of cellular senescence and the SASP.,https://www.ncbi.nlm.nih.gov/pmc/articles/PMC9362342/figure/Fig1/,https://www.ncbi.nlm.nih.gov/pmc/articles/PMC9362342/bin/41581_2022_601_Fig1_HTML.jpg,p53,http://purl.obolibrary.org/obo/PR_P04637,molecule,p21,http://purl.obolibrary.org/obo/PR_P38936,molecule,posi
35922662,PMC9362342,"Cellular senescence: the good, the bad and the unknown",Fig1,Fig. 1,Mechanisms of cellular senescence and the SASP.,https://www.ncbi.nlm.nih.gov/pmc/articles/PMC9362342/figure/Fig1/,https://www.ncbi.nlm.nih.gov/pmc/articles/PMC9362342/bin/41581_2022_601_Fig1_HTML.jpg,p21,http://purl.obolibrary.org/obo/PR_P38936,molecule,CDK4/6-cyclinD,http://purl.obolibrary.org/obo/GO_0097128,molecule,nega
35922662,PMC9362342,"Cellular senescence: the good, the bad and the unknown",Fig1,Fig. 1,Mechanisms of cellular senescence and the SASP.,https://www.ncbi.nlm.nih.gov/pmc/articles/PMC9362342/figure/Fig1/,https://www.ncbi.nlm.nih.gov/pmc/articles/PMC9362342/bin/41581_2022_601_Fig1_HTML.jpg,p21,http://purl.obolibrary.org/obo/PR_P38936,molecule,CDK4/6-cyclinD,http://purl.obolibrary.org/obo/GO_0097131,molecule,nega
35922662,PMC9362342,"Cellular senescence: the good, the bad and the unknown",Fig1,Fig. 1,Mechanisms of cellular senescence and the SASP.,https://www.ncbi.nlm.nih.gov/pmc/articles/PMC9362342/figure/Fig1/,https://www.ncbi.nlm.nih.gov/pmc/articles/PMC9362342/bin/41581_2022_601_Fig1_HTML.jpg,p21,http://purl.obolibrary.org/obo/PR_P38936,molecule,CDKs-cyclins,http://purl.obolibrary.org/obo/GO_0000307,molecule,nega
35922662,PMC9362342,"Cellular senescence: the good, the bad and the unknown",Fig1,Fig. 1,Mechanisms of cellular senescence and the SASP.,https://www.ncbi.nlm.nih.gov/pmc/articles/PMC9362342/figure/Fig1/,https://www.ncbi.nlm.nih.gov/pmc/articles/PMC9362342/bin/41581_2022_601_Fig1_HTML.jpg,CDKs-cyclins,http://purl.obolibrary.org/obo/GO_0000307,molecule,DREAM complex,http://purl.bioontology.org/ontology/HOIP/HOIP_0060860,molecule,nega
35922662,PMC9362342,"Cellular senescence: the good, the bad and the unknown",Fig1,Fig. 1,Mechanisms of cellular senescence and the SASP.,https://www.ncbi.nlm.nih.gov/pmc/articles/PMC9362342/figure/Fig1/,https://www.ncbi.nlm.nih.gov/pmc/articles/PMC9362342/bin/41581_2022_601_Fig1_HTML.jpg,DREAM complex,http://purl.bioontology.org/ontology/HOIP/HOIP_0060860,molecule,Cell-cycle genes,http://purl.bioontology.org/ontology/HOIP/HOIP_0060858,molecule,nega
35922662,PMC9362342,"Cellular senescence: the good, the bad and the unknown",Fig1,Fig. 1,Mechanisms of cellular senescence and the SASP.,https://www.ncbi.nlm.nih.gov/pmc/articles/PMC9362342/figure/Fig1/,https://www.ncbi.nlm.nih.gov/pmc/articles/PMC9362342/bin/41581_2022_601_Fig1_HTML.jpg,DNA damage,http://purl.obolibrary.org/obo/NCIT_C16507,process,ATM/ATR,http://purl.obolibrary.org/obo/PR_Q13315,molecule,posi
35922662,PMC9362342,"Cellular senescence: the good, the bad and the unknown",Fig1,Fig. 1,Mechanisms of cellular senescence and the SASP.,https://www.ncbi.nlm.nih.gov/pmc/articles/PMC9362342/figure/Fig1/,https://www.ncbi.nlm.nih.gov/pmc/articles/PMC9362342/bin/41581_2022_601_Fig1_HTML.jpg,DNA damage,http://purl.obolibrary.org/obo/NCIT_C16507,process,ATM/ATR,http://purl.obolibrary.org/obo/PR_Q13535,molecule,posi
35922662,PMC9362342,"Cellular senescence: the good, the bad and the unknown",Fig1,Fig. 1,Mechanisms of cellular senescence and the SASP.,https://www.ncbi.nlm.nih.gov/pmc/articles/PMC9362342/figure/Fig1/,https://www.ncbi.nlm.nih.gov/pmc/articles/PMC9362342/bin/41581_2022_601_Fig1_HTML.jpg,ATM/ATR,http://purl.obolibrary.org/obo/PR_Q13315,molecule,CHIK1/CHK2,http://purl.obolibrary.org/obo/PR_O14757,molecule,posi
35922662,PMC9362342,"Cellular senescence: the good, the bad and the unknown",Fig1,Fig. 1,Mechanisms of cellular senescence and the SASP.,https://www.ncbi.nlm.nih.gov/pmc/articles/PMC9362342/figure/Fig1/,https://www.ncbi.nlm.nih.gov/pmc/articles/PMC9362342/bin/41581_2022_601_Fig1_HTML.jpg,ATM/ATR,http://purl.obolibrary.org/obo/PR_Q13315,molecule,CHIK1/CHK2,http://purl.obolibrary.org/obo/PR_O96017,molecule,posi
35922662,PMC9362342,"Cellular senescence: the good, the bad and the unknown",Fig1,Fig. 1,Mechanisms of cellular senescence and the SASP.,https://www.ncbi.nlm.nih.gov/pmc/articles/PMC9362342/figure/Fig1/,https://www.ncbi.nlm.nih.gov/pmc/articles/PMC9362342/bin/41581_2022_601_Fig1_HTML.jpg,ATM/ATR,http://purl.obolibrary.org/obo/PR_Q13535,molecule,CHIK1/CHK2,http://purl.obolibrary.org/obo/PR_O14757,molecule,posi
35922662,PMC9362342,"Cellular senescence: the good, the bad and the unknown",Fig1,Fig. 1,Mechanisms of cellular senescence and the SASP.,https://www.ncbi.nlm.nih.gov/pmc/articles/PMC9362342/figure/Fig1/,https://www.ncbi.nlm.nih.gov/pmc/articles/PMC9362342/bin/41581_2022_601_Fig1_HTML.jpg,ATM/ATR,http://purl.obolibrary.org/obo/PR_Q13535,molecule,CHIK1/CHK2,http://purl.obolibrary.org/obo/PR_O96017,molecule,posi
35922662,PMC9362342,"Cellular senescence: the good, the bad and the unknown",Fig1,Fig. 1,Mechanisms of cellular senescence and the SASP.,https://www.ncbi.nlm.nih.gov/pmc/articles/PMC9362342/figure/Fig1/,https://www.ncbi.nlm.nih.gov/pmc/articles/PMC9362342/bin/41581_2022_601_Fig1_HTML.jpg,CHIK1/CHK2,http://purl.obolibrary.org/obo/PR_O14757,molecule,p53,http://purl.obolibrary.org/obo/PR_P04637,molecule,posi
35922662,PMC9362342,"Cellular senescence: the good, the bad and the unknown",Fig1,Fig. 1,Mechanisms of cellular senescence and the SASP.,https://www.ncbi.nlm.nih.gov/pmc/articles/PMC9362342/figure/Fig1/,https://www.ncbi.nlm.nih.gov/pmc/articles/PMC9362342/bin/41581_2022_601_Fig1_HTML.jpg,CHIK1/CHK2,http://purl.obolibrary.org/obo/PR_O96017,molecule,p53,http://purl.obolibrary.org/obo/PR_P04637,molecule,posi
35922662,PMC9362342,"Cellular senescence: the good, the bad and the unknown",Fig1,Fig. 1,Mechanisms of cellular senescence and the SASP.,https://www.ncbi.nlm.nih.gov/pmc/articles/PMC9362342/figure/Fig1/,https://www.ncbi.nlm.nih.gov/pmc/articles/PMC9362342/bin/41581_2022_601_Fig1_HTML.jpg,Proliferative exhaustion,http://purl.bioontology.org/ontology/HOIP/HOIP_0060874,process,Short telomeres,http://purl.bioontology.org/ontology/HOIP/HOIP_0060049,process,posi
35922662,PMC9362342,"Cellular senescence: the good, the bad and the unknown",Fig1,Fig. 1,Mechanisms of cellular senescence and the SASP.,https://www.ncbi.nlm.nih.gov/pmc/articles/PMC9362342/figure/Fig1/,https://www.ncbi.nlm.nih.gov/pmc/articles/PMC9362342/bin/41581_2022_601_Fig1_HTML.jpg,Short telomeres,http://purl.bioontology.org/ontology/HOIP/HOIP_0060049,process,ATM/ATR,http://purl.obolibrary.org/obo/PR_Q13315,molecule,posi
35922662,PMC9362342,"Cellular senescence: the good, the bad and the unknown",Fig1,Fig. 1,Mechanisms of cellular senescence and the SASP.,https://www.ncbi.nlm.nih.gov/pmc/articles/PMC9362342/figure/Fig1/,https://www.ncbi.nlm.nih.gov/pmc/articles/PMC9362342/bin/41581_2022_601_Fig1_HTML.jpg,Short telomeres,http://purl.bioontology.org/ontology/HOIP/HOIP_0060049,process,ATM/ATR,http://purl.obolibrary.org/obo/PR_Q13535,molecule,posi
35922662,PMC9362342,"Cellular senescence: the good, the bad and the unknown",Fig1,Fig. 1,Mechanisms of cellular senescence and the SASP.,https://www.ncbi.nlm.nih.gov/pmc/articles/PMC9362342/figure/Fig1/,https://www.ncbi.nlm.nih.gov/pmc/articles/PMC9362342/bin/41581_2022_601_Fig1_HTML.jpg,ROS,http://purl.obolibrary.org/obo/CHEBI_26523,compound,Sirtuin 1,http://purl.obolibrary.org/obo/PR_Q96EB6,molecule,nega
35922662,PMC9362342,"Cellular senescence: the good, the bad and the unknown",Fig1,Fig. 1,Mechanisms of cellular senescence and the SASP.,https://www.ncbi.nlm.nih.gov/pmc/articles/PMC9362342/figure/Fig1/,https://www.ncbi.nlm.nih.gov/pmc/articles/PMC9362342/bin/41581_2022_601_Fig1_HTML.jpg,Sirtuin 1,http://purl.obolibrary.org/obo/PR_Q96EB6,molecule,NF-kB,http://purl.obolibrary.org/obo/GO_0035525,molecule,nega
35922662,PMC9362342,"Cellular senescence: the good, the bad and the unknown",Fig1,Fig. 1,Mechanisms of cellular senescence and the SASP.,https://www.ncbi.nlm.nih.gov/pmc/articles/PMC9362342/figure/Fig1/,https://www.ncbi.nlm.nih.gov/pmc/articles/PMC9362342/bin/41581_2022_601_Fig1_HTML.jpg,ROS,http://purl.obolibrary.org/obo/CHEBI_26523,compound,TGF-β,http://purl.obolibrary.org/obo/PR_P01137,molecule,posi
35922662,PMC9362342,"Cellular senescence: the good, the bad and the unknown",Fig1,Fig. 1,Mechanisms of cellular senescence and the SASP.,https://www.ncbi.nlm.nih.gov/pmc/articles/PMC9362342/figure/Fig1/,https://www.ncbi.nlm.nih.gov/pmc/articles/PMC9362342/bin/41581_2022_601_Fig1_HTML.jpg,TGF-β,http://purl.obolibrary.org/obo/PR_P01137,molecule,IKK,http://purl.obolibrary.org/obo/GO_0008385,molecule,posi
35922662,PMC9362342,"Cellular senescence: the good, the bad and the unknown",Fig1,Fig. 1,Mechanisms of cellular senescence and the SASP.,https://www.ncbi.nlm.nih.gov/pmc/articles/PMC9362342/figure/Fig1/,https://www.ncbi.nlm.nih.gov/pmc/articles/PMC9362342/bin/41581_2022_601_Fig1_HTML.jpg,IKK,http://purl.obolibrary.org/obo/GO_0008385,molecule,NF-kB,http://purl.obolibrary.org/obo/GO_0035525,molecule,posi
35922662,PMC9362342,"Cellular senescence: the good, the bad and the unknown",Fig1,Fig. 1,Mechanisms of cellular senescence and the SASP.,https://www.ncbi.nlm.nih.gov/pmc/articles/PMC9362342/figure/Fig1/,https://www.ncbi.nlm.nih.gov/pmc/articles/PMC9362342/bin/41581_2022_601_Fig1_HTML.jpg,ROS,http://purl.obolibrary.org/obo/CHEBI_26523,compound,ATM,http://purl.obolibrary.org/obo/PR_Q13315,molecule,posi
35922662,PMC9362342,"Cellular senescence: the good, the bad and the unknown",Fig1,Fig. 1,Mechanisms of cellular senescence and the SASP.,https://www.ncbi.nlm.nih.gov/pmc/articles/PMC9362342/figure/Fig1/,https://www.ncbi.nlm.nih.gov/pmc/articles/PMC9362342/bin/41581_2022_601_Fig1_HTML.jpg,ATM/ATR,http://purl.obolibrary.org/obo/PR_Q13315,molecule,"NEMO, IKK, NF-kB",http://purl.obolibrary.org/obo/GO_0007249,process,posi
35922662,PMC9362342,"Cellular senescence: the good, the bad and the unknown",Fig1,Fig. 1,Mechanisms of cellular senescence and the SASP.,https://www.ncbi.nlm.nih.gov/pmc/articles/PMC9362342/figure/Fig1/,https://www.ncbi.nlm.nih.gov/pmc/articles/PMC9362342/bin/41581_2022_601_Fig1_HTML.jpg,ATM/ATR,http://purl.obolibrary.org/obo/PR_Q13315,molecule,NEMO,http://purl.obolibrary.org/obo/PR_Q9Y6K9,molecule,posi
35922662,PMC9362342,"Cellular senescence: the good, the bad and the unknown",Fig1,Fig. 1,Mechanisms of cellular senescence and the SASP.,https://www.ncbi.nlm.nih.gov/pmc/articles/PMC9362342/figure/Fig1/,https://www.ncbi.nlm.nih.gov/pmc/articles/PMC9362342/bin/41581_2022_601_Fig1_HTML.jpg,NEMO,http://purl.obolibrary.org/obo/PR_Q9Y6K9,molecule,IKK,http://purl.obolibrary.org/obo/GO_0008385,molecule,posi
35922662,PMC9362342,"Cellular senescence: the good, the bad and the unknown",Fig1,Fig. 1,Mechanisms of cellular senescence and the SASP.,https://www.ncbi.nlm.nih.gov/pmc/articles/PMC9362342/figure/Fig1/,https://www.ncbi.nlm.nih.gov/pmc/articles/PMC9362342/bin/41581_2022_601_Fig1_HTML.jpg,Cytoplasmic DNA,http://purl.bioontology.org/ontology/HOIP/HOIP_0060879,molecule,cGAS,http://purl.obolibrary.org/obo/PR_Q8N884,molecule,posi
35922662,PMC9362342,"Cellular senescence: the good, the bad and the unknown",Fig1,Fig. 1,Mechanisms of cellular senescence and the SASP.,https://www.ncbi.nlm.nih.gov/pmc/articles/PMC9362342/figure/Fig1/,https://www.ncbi.nlm.nih.gov/pmc/articles/PMC9362342/bin/41581_2022_601_Fig1_HTML.jpg,cGAS,http://purl.obolibrary.org/obo/PR_Q8N884,molecule,STING,http://purl.obolibrary.org/obo/PR_Q9H5V9,molecule,posi
35922662,PMC9362342,"Cellular senescence: the good, the bad and the unknown",Fig1,Fig. 1,Mechanisms of cellular senescence and the SASP.,https://www.ncbi.nlm.nih.gov/pmc/articles/PMC9362342/figure/Fig1/,https://www.ncbi.nlm.nih.gov/pmc/articles/PMC9362342/bin/41581_2022_601_Fig1_HTML.jpg,STING,http://purl.obolibrary.org/obo/PR_Q9H5V9,molecule,NF-kB,http://purl.obolibrary.org/obo/GO_0035525,molecule,posi
35922662,PMC9362342,"Cellular senescence: the good, the bad and the unknown",Fig1,Fig. 1,Mechanisms of cellular senescence and the SASP.,https://www.ncbi.nlm.nih.gov/pmc/articles/PMC9362342/figure/Fig1/,https://www.ncbi.nlm.nih.gov/pmc/articles/PMC9362342/bin/41581_2022_601_Fig1_HTML.jpg,Autophagy,http://purl.obolibrary.org/obo/GO_0006914,process,GATA4,http://purl.obolibrary.org/obo/PR_P43694,molecule,posi
35922662,PMC9362342,"Cellular senescence: the good, the bad and the unknown",Fig1,Fig. 1,Mechanisms of cellular senescence and the SASP.,https://www.ncbi.nlm.nih.gov/pmc/articles/PMC9362342/figure/Fig1/,https://www.ncbi.nlm.nih.gov/pmc/articles/PMC9362342/bin/41581_2022_601_Fig1_HTML.jpg,NF-kB,http://purl.obolibrary.org/obo/GO_0035525,molecule,IL-1α,http://purl.obolibrary.org/obo/PR_P01583,molecule,posi
35922662,PMC9362342,"Cellular senescence: the good, the bad and the unknown",Fig1,Fig. 1,Mechanisms of cellular senescence and the SASP.,https://www.ncbi.nlm.nih.gov/pmc/articles/PMC9362342/figure/Fig1/,https://www.ncbi.nlm.nih.gov/pmc/articles/PMC9362342/bin/41581_2022_601_Fig1_HTML.jpg,NF-kB,http://purl.obolibrary.org/obo/GO_0035525,molecule,IL-6,http://purl.obolibrary.org/obo/PR_P05231,molecule,posi
35922662,PMC9362342,"Cellular senescence: the good, the bad and the unknown",Fig1,Fig. 1,Mechanisms of cellular senescence and the SASP.,https://www.ncbi.nlm.nih.gov/pmc/articles/PMC9362342/figure/Fig1/,https://www.ncbi.nlm.nih.gov/pmc/articles/PMC9362342/bin/41581_2022_601_Fig1_HTML.jpg,NF-kB,http://purl.obolibrary.org/obo/GO_0035525,molecule,IL-8,http://purl.obolibrary.org/obo/PR_P10145,molecule,posi
35922662,PMC9362342,"Cellular senescence: the good, the bad and the unknown",Fig1,Fig. 1,Mechanisms of cellular senescence and the SASP.,https://www.ncbi.nlm.nih.gov/pmc/articles/PMC9362342/figure/Fig1/,https://www.ncbi.nlm.nih.gov/pmc/articles/PMC9362342/bin/41581_2022_601_Fig1_HTML.jpg,NF-kB,http://purl.obolibrary.org/obo/GO_0035525,molecule,CXCL1,http://purl.obolibrary.org/obo/PR_P09341,molecule,posi
35922662,PMC9362342,"Cellular senescence: the good, the bad and the unknown",Fig1,Fig. 1,Mechanisms of cellular senescence and the SASP.,https://www.ncbi.nlm.nih.gov/pmc/articles/PMC9362342/figure/Fig1/,https://www.ncbi.nlm.nih.gov/pmc/articles/PMC9362342/bin/41581_2022_601_Fig1_HTML.jpg,NF-kB,http://purl.obolibrary.org/obo/GO_0035525,molecule,Proinflammatory cytokines,http://purl.obolibrary.org/obo/GO_0002534,process,posi
35922662,PMC9362342,"Cellular senescence: the good, the bad and the unknown",Fig2,Fig. 2,Cellular senescence in cancer.,https://www.ncbi.nlm.nih.gov/pmc/articles/PMC9362342/figure/Fig2/,https://www.ncbi.nlm.nih.gov/pmc/articles/PMC9362342/bin/41581_2022_601_Fig2_HTML.jpg,ROS,http://purl.obolibrary.org/obo/CHEBI_26523,compound,p16,http://purl.obolibrary.org/obo/PR_000030011,molecule,posi
35922662,PMC9362342,"Cellular senescence: the good, the bad and the unknown",Fig2,Fig. 2,Cellular senescence in cancer.,https://www.ncbi.nlm.nih.gov/pmc/articles/PMC9362342/figure/Fig2/,https://www.ncbi.nlm.nih.gov/pmc/articles/PMC9362342/bin/41581_2022_601_Fig2_HTML.jpg,p16,http://purl.obolibrary.org/obo/PR_000030011,molecule,RB,http://purl.obolibrary.org/obo/PR_P06400,molecule,posi
35922662,PMC9362342,"Cellular senescence: the good, the bad and the unknown",Fig2,Fig. 2,Cellular senescence in cancer.,https://www.ncbi.nlm.nih.gov/pmc/articles/PMC9362342/figure/Fig2/,https://www.ncbi.nlm.nih.gov/pmc/articles/PMC9362342/bin/41581_2022_601_Fig2_HTML.jpg,ROS,http://purl.obolibrary.org/obo/CHEBI_26523,compound,p27,http://purl.obolibrary.org/obo/PR_P46527,molecule,posi
35922662,PMC9362342,"Cellular senescence: the good, the bad and the unknown",Fig2,Fig. 2,Cellular senescence in cancer.,https://www.ncbi.nlm.nih.gov/pmc/articles/PMC9362342/figure/Fig2/,https://www.ncbi.nlm.nih.gov/pmc/articles/PMC9362342/bin/41581_2022_601_Fig2_HTML.jpg,p27,http://purl.obolibrary.org/obo/PR_P46527,molecule,Senescence,http://purl.obolibrary.org/obo/GO_0090398,process,posi
35922662,PMC9362342,"Cellular senescence: the good, the bad and the unknown",Fig2,Fig. 2,Cellular senescence in cancer.,https://www.ncbi.nlm.nih.gov/pmc/articles/PMC9362342/figure/Fig2/,https://www.ncbi.nlm.nih.gov/pmc/articles/PMC9362342/bin/41581_2022_601_Fig2_HTML.jpg,RB,http://purl.obolibrary.org/obo/PR_P06400,molecule,Senescence,http://purl.obolibrary.org/obo/GO_0090398,process,posi
35922662,PMC9362342,"Cellular senescence: the good, the bad and the unknown",Fig2,Fig. 2,Cellular senescence in cancer.,https://www.ncbi.nlm.nih.gov/pmc/articles/PMC9362342/figure/Fig2/,https://www.ncbi.nlm.nih.gov/pmc/articles/PMC9362342/bin/41581_2022_601_Fig2_HTML.jpg,ROS,http://purl.obolibrary.org/obo/CHEBI_26523,compound,p21,http://purl.obolibrary.org/obo/PR_Q9H633,molecule,posi
35922662,PMC9362342,"Cellular senescence: the good, the bad and the unknown",Fig2,Fig. 2,Cellular senescence in cancer.,https://www.ncbi.nlm.nih.gov/pmc/articles/PMC9362342/figure/Fig2/,https://www.ncbi.nlm.nih.gov/pmc/articles/PMC9362342/bin/41581_2022_601_Fig2_HTML.jpg,p21,http://purl.obolibrary.org/obo/PR_P38936,molecule,Senescence,http://purl.obolibrary.org/obo/GO_0090398,process,posi
35922662,PMC9362342,"Cellular senescence: the good, the bad and the unknown",Fig2,Fig. 2,Cellular senescence in cancer.,https://www.ncbi.nlm.nih.gov/pmc/articles/PMC9362342/figure/Fig2/,https://www.ncbi.nlm.nih.gov/pmc/articles/PMC9362342/bin/41581_2022_601_Fig2_HTML.jpg,Senescence,http://purl.obolibrary.org/obo/GO_0090398,process,SASP,http://purl.bioontology.org/ontology/HOIP/HOIP_0060819,process,posi
35922662,PMC9362342,"Cellular senescence: the good, the bad and the unknown",Fig2,Fig. 2,Cellular senescence in cancer.,https://www.ncbi.nlm.nih.gov/pmc/articles/PMC9362342/figure/Fig2/,https://www.ncbi.nlm.nih.gov/pmc/articles/PMC9362342/bin/41581_2022_601_Fig2_HTML.jpg,Senescence,http://purl.obolibrary.org/obo/GO_0090398,process,Cell-cycle arrest,http://purl.obolibrary.org/obo/GO_0007050,process,posi
35922662,PMC9362342,"Cellular senescence: the good, the bad and the unknown",Fig2,Fig. 2,Cellular senescence in cancer.,https://www.ncbi.nlm.nih.gov/pmc/articles/PMC9362342/figure/Fig2/,https://www.ncbi.nlm.nih.gov/pmc/articles/PMC9362342/bin/41581_2022_601_Fig2_HTML.jpg,Cell-cycle arrest,http://purl.obolibrary.org/obo/GO_0007050,process,Prevents mutations from being passed on to daughter cells,http://purl.bioontology.org/ontology/HOIP/HOIP_0060888,process,posi
35922662,PMC9362342,"Cellular senescence: the good, the bad and the unknown",Fig2,Fig. 2,Cellular senescence in cancer.,https://www.ncbi.nlm.nih.gov/pmc/articles/PMC9362342/figure/Fig2/,https://www.ncbi.nlm.nih.gov/pmc/articles/PMC9362342/bin/41581_2022_601_Fig2_HTML.jpg,Prevents mutations from being passed on to daughter cells,http://purl.bioontology.org/ontology/HOIP/HOIP_0060888,process,Supress tumorigenesis,http://purl.bioontology.org/ontology/HOIP/HOIP_0060841,process,posi
35922662,PMC9362342,"Cellular senescence: the good, the bad and the unknown",Fig2,Fig. 2,Cellular senescence in cancer.,https://www.ncbi.nlm.nih.gov/pmc/articles/PMC9362342/figure/Fig2/,https://www.ncbi.nlm.nih.gov/pmc/articles/PMC9362342/bin/41581_2022_601_Fig2_HTML.jpg,Mutations in oncogenes,http://purl.obolibrary.org/obo/IDOMAL_50000026,process,p16,http://purl.obolibrary.org/obo/PR_000030011,molecule,posi
35922662,PMC9362342,"Cellular senescence: the good, the bad and the unknown",Fig2,Fig. 2,Cellular senescence in cancer.,https://www.ncbi.nlm.nih.gov/pmc/articles/PMC9362342/figure/Fig2/,https://www.ncbi.nlm.nih.gov/pmc/articles/PMC9362342/bin/41581_2022_601_Fig2_HTML.jpg,Mutations in oncogenes,http://purl.obolibrary.org/obo/IDOMAL_50000026,process,p53,http://purl.obolibrary.org/obo/PR_P04637,molecule,posi
35922662,PMC9362342,"Cellular senescence: the good, the bad and the unknown",Fig2,Fig. 2,Cellular senescence in cancer.,https://www.ncbi.nlm.nih.gov/pmc/articles/PMC9362342/figure/Fig2/,https://www.ncbi.nlm.nih.gov/pmc/articles/PMC9362342/bin/41581_2022_601_Fig2_HTML.jpg,p53,http://purl.obolibrary.org/obo/PR_P04637,molecule,p21,http://purl.obolibrary.org/obo/PR_P38936,molecule,posi
35922662,PMC9362342,"Cellular senescence: the good, the bad and the unknown",Fig2,Fig. 2,Cellular senescence in cancer.,https://www.ncbi.nlm.nih.gov/pmc/articles/PMC9362342/figure/Fig2/,https://www.ncbi.nlm.nih.gov/pmc/articles/PMC9362342/bin/41581_2022_601_Fig2_HTML.jpg,Mutations in tumour suppressor genes,http://purl.obolibrary.org/obo/IDOMAL_50000026,process,p53,http://purl.obolibrary.org/obo/PR_P04637,molecule,posi
35922662,PMC9362342,"Cellular senescence: the good, the bad and the unknown",Fig2,Fig. 2,Cellular senescence in cancer.,https://www.ncbi.nlm.nih.gov/pmc/articles/PMC9362342/figure/Fig2/,https://www.ncbi.nlm.nih.gov/pmc/articles/PMC9362342/bin/41581_2022_601_Fig2_HTML.jpg,SASP,http://purl.bioontology.org/ontology/HOIP/HOIP_0060819,process,Accelerates immune clearance,http://purl.bioontology.org/ontology/HOIP/HOIP_0060887,process,posi
35922662,PMC9362342,"Cellular senescence: the good, the bad and the unknown",Fig2,Fig. 2,Cellular senescence in cancer.,https://www.ncbi.nlm.nih.gov/pmc/articles/PMC9362342/figure/Fig2/,https://www.ncbi.nlm.nih.gov/pmc/articles/PMC9362342/bin/41581_2022_601_Fig2_HTML.jpg,SASP,http://purl.bioontology.org/ontology/HOIP/HOIP_0060819,process,Promotes inflammation,http://purl.obolibrary.org/obo/GO_0050729,process,posi
35922662,PMC9362342,"Cellular senescence: the good, the bad and the unknown",Fig2,Fig. 2,Cellular senescence in cancer.,https://www.ncbi.nlm.nih.gov/pmc/articles/PMC9362342/figure/Fig2/,https://www.ncbi.nlm.nih.gov/pmc/articles/PMC9362342/bin/41581_2022_601_Fig2_HTML.jpg,SASP,http://purl.bioontology.org/ontology/HOIP/HOIP_0060819,process,Stimulates growth,http://purl.obolibrary.org/obo/GO_0045927,process,posi
35922662,PMC9362342,"Cellular senescence: the good, the bad and the unknown",Fig2,Fig. 2,Cellular senescence in cancer.,https://www.ncbi.nlm.nih.gov/pmc/articles/PMC9362342/figure/Fig2/,https://www.ncbi.nlm.nih.gov/pmc/articles/PMC9362342/bin/41581_2022_601_Fig2_HTML.jpg,Accelerates immune clearance,http://purl.bioontology.org/ontology/HOIP/HOIP_0060887,process,Supress tumorigenesis,http://purl.bioontology.org/ontology/HOIP/HOIP_0060841,process,posi
35922662,PMC9362342,"Cellular senescence: the good, the bad and the unknown",Fig2,Fig. 2,Cellular senescence in cancer.,https://www.ncbi.nlm.nih.gov/pmc/articles/PMC9362342/figure/Fig2/,https://www.ncbi.nlm.nih.gov/pmc/articles/PMC9362342/bin/41581_2022_601_Fig2_HTML.jpg,Promotes inflammation,http://purl.obolibrary.org/obo/GO_0050729,process,Promotes tumorigenesis,http://purl.bioontology.org/ontology/HOIP/HOIP_0060842,process,posi
35922662,PMC9362342,"Cellular senescence: the good, the bad and the unknown",Fig2,Fig. 2,Cellular senescence in cancer.,https://www.ncbi.nlm.nih.gov/pmc/articles/PMC9362342/figure/Fig2/,https://www.ncbi.nlm.nih.gov/pmc/articles/PMC9362342/bin/41581_2022_601_Fig2_HTML.jpg,Stimulates growth,http://purl.obolibrary.org/obo/GO_0045927,process,Promotes tumorigenesis,http://purl.bioontology.org/ontology/HOIP/HOIP_0060841,process,posi
